file_uuid,file_name,sample_id,sample_uuid,case_id,case_submitter_id,sample_type,project,data_category,data_type,experimental_strategy,workflow,access,release_state,created_datetime,updated_datetime,selection_status,duplicate_resolution
48797c31-ab2a-48b0-add1-25954dc8c901,81c0d65d-fb6f-4acb-a038-17d90d32d922.rna_seq.augmented_star_gene_counts.tsv,TCGA-EB-A85I-01A,c2894e4f-ed6c-42bd-9e49-31b08e046213,50dc9c63-c491-4afc-ab12-74b40eba58b6,TCGA-EB-A85I,Primary Tumor,TCGA-SKCM,Transcriptome Profiling,Gene Expression Quantification,RNA-Seq,STAR - Counts,open,,2021-12-13T21:24:48.367596-06:00,2024-07-30T15:15:26.529601-05:00,selected,
1f8cef65-ab1f-44cf-b706-7f1f25926dc0,e0b149bb-4467-4928-a80b-ef3ac97ddbd2.rna_seq.augmented_star_gene_counts.tsv,TCGA-BF-A3DJ-01A,8bcf2396-d65e-4aa0-a0a1-4cc3985db55f,62393dab-ab41-4785-9a57-aa4c25d223e9,TCGA-BF-A3DJ,Primary Tumor,TCGA-SKCM,Transcriptome Profiling,Gene Expression Quantification,RNA-Seq,STAR - Counts,open,,2021-12-13T21:29:59.684120-06:00,2024-07-30T15:13:29.871470-05:00,selected,
9d8077b2-bae2-478d-bacc-fd1e5c6e61e7,12a488c6-c319-4f40-9f62-82e74773370c.rna_seq.augmented_star_gene_counts.tsv,TCGA-BF-A1Q0-01A,b68cfb6b-4249-4855-8278-b18c0f561efd,633ddc04-c424-42c8-8e54-673968b130a7,TCGA-BF-A1Q0,Primary Tumor,TCGA-SKCM,Transcriptome Profiling,Gene Expression Quantification,RNA-Seq,STAR - Counts,open,,2021-12-13T21:19:00.505512-06:00,2024-07-30T15:17:54.062083-05:00,selected,
c20877dc-eb5e-41b9-a395-5bb629344e38,3c5fe4dc-8606-4615-994f-c41861f08f5a.rna_seq.augmented_star_gene_counts.tsv,TCGA-EB-A551-01A,2bcebace-c92b-4fca-81d0-7a7ae5ce2353,63db0da6-f451-436f-9b1c-211b55947770,TCGA-EB-A551,Primary Tumor,TCGA-SKCM,Transcriptome Profiling,Gene Expression Quantification,RNA-Seq,STAR - Counts,open,,2021-12-13T21:21:33.106169-06:00,2024-07-30T15:20:01.202543-05:00,selected,
264c2801-550b-4087-bd92-8157753a226b,b8f68a8a-46f3-4c79-8474-13815946d4f9.rna_seq.augmented_star_gene_counts.tsv,TCGA-EB-A44P-01A,b5001545-b0ce-48e2-ab91-61698d2658d5,6b02def4-04ca-4ba0-bc48-262c4d8a294c,TCGA-EB-A44P,Primary Tumor,TCGA-SKCM,Transcriptome Profiling,Gene Expression Quantification,RNA-Seq,STAR - Counts,open,,2021-12-13T21:27:45.039985-06:00,2024-07-30T15:13:36.253058-05:00,selected,
80f012fc-3440-45f3-bf1e-9656e21d96c5,223494f1-6c0b-446e-998d-53b3b4d0da1a.rna_seq.augmented_star_gene_counts.tsv,TCGA-FR-A3R1-01A,da13feb1-2122-4711-b2cb-8ced093d7162,68567581-0be3-48f1-8dcd-487bc0c1e6f6,TCGA-FR-A3R1,Primary Tumor,TCGA-SKCM,Transcriptome Profiling,Gene Expression Quantification,RNA-Seq,STAR - Counts,open,,2021-12-13T21:19:53.270966-06:00,2024-07-30T15:17:05.581534-05:00,selected,
77e14e11-91e8-4201-b837-a2fe46623b00,d2c9b21d-0f64-4182-9d5d-82b80a158a1f.rna_seq.augmented_star_gene_counts.tsv,TCGA-EB-A4OY-01A,7aed9242-b7c2-4962-8fcb-03d573b886e0,6e2d8818-b377-45f5-97f4-f905de22c487,TCGA-EB-A4OY,Primary Tumor,TCGA-SKCM,Transcriptome Profiling,Gene Expression Quantification,RNA-Seq,STAR - Counts,open,,2021-12-13T21:29:13.630579-06:00,2024-07-30T15:17:30.999999-05:00,selected,
20b7751f-9977-409e-a59e-1db15810eb04,7645a3b1-639d-4677-8bcf-c16df24fcc2b.rna_seq.augmented_star_gene_counts.tsv,TCGA-EB-A3XD-01A,8f179cf8-7f97-4373-be12-9da06b1e3af1,6fe664cc-e66b-4abf-a7d2-08bb4ce8eba3,TCGA-EB-A3XD,Primary Tumor,TCGA-SKCM,Transcriptome Profiling,Gene Expression Quantification,RNA-Seq,STAR - Counts,open,,2021-12-13T21:24:27.143325-06:00,2024-07-30T15:13:16.852331-05:00,selected,
3fe22d67-6af5-4778-945b-3ce2607277f7,4a73aaff-d7fa-40d2-92f8-c9539055d35c.rna_seq.augmented_star_gene_counts.tsv,TCGA-EB-A6QY-01A,286c3c45-ff26-4a55-8b1a-37cbd995134b,82e85ac9-8e3e-4c2e-ae0b-a32ceeb8115d,TCGA-EB-A6QY,Primary Tumor,TCGA-SKCM,Transcriptome Profiling,Gene Expression Quantification,RNA-Seq,STAR - Counts,open,,2021-12-13T21:22:11.210406-06:00,2024-07-30T15:15:22.865821-05:00,selected,
904305b9-ddab-4f58-8cba-5fa064ebb87c,3073c410-3a7e-42e4-a67a-3884840c49f4.rna_seq.augmented_star_gene_counts.tsv,TCGA-EB-A4XL-01A,9ccd121c-3e52-4e22-b241-3ee1bbbea7b7,9c47ab1d-e3bd-4191-bd60-4a2123de534e,TCGA-EB-A4XL,Primary Tumor,TCGA-SKCM,Transcriptome Profiling,Gene Expression Quantification,RNA-Seq,STAR - Counts,open,,2021-12-13T21:20:46.369204-06:00,2024-07-30T15:18:16.885041-05:00,selected,
dd41a5ee-d4d1-4997-9c41-3998556ae1c8,8ad884fa-e426-4bc0-960d-08db42d341da.rna_seq.augmented_star_gene_counts.tsv,TCGA-DA-A960-01A,0f4188cb-cd4b-43ce-9aa2-66f743aff646,931e39cd-b0c4-437f-b6c5-9358d74ea533,TCGA-DA-A960,Primary Tumor,TCGA-SKCM,Transcriptome Profiling,Gene Expression Quantification,RNA-Seq,STAR - Counts,open,,2021-12-13T21:25:22.578311-06:00,2024-07-30T15:21:01.088365-05:00,selected,
9f3b4749-5931-40c9-8ad6-fd83cf810fc4,d7002469-704f-46bc-83db-679d5a0cd1e1.rna_seq.augmented_star_gene_counts.tsv,TCGA-IH-A3EA-01A,f4308178-4987-42a1-b41b-1aa8cc7a78d9,a5930bc2-d0e4-454f-b60d-5dd1148d4669,TCGA-IH-A3EA,Primary Tumor,TCGA-SKCM,Transcriptome Profiling,Gene Expression Quantification,RNA-Seq,STAR - Counts,open,,2021-12-13T21:29:24.025738-06:00,2024-07-30T15:18:42.053109-05:00,selected,
469bc8df-9a94-484e-9844-ffe6b89ee2c0,97591eeb-89dc-4b70-92d4-2bb70d263098.rna_seq.augmented_star_gene_counts.tsv,TCGA-GF-A769-01A,f1fa1b7e-4cb6-4d28-9810-7a8d9eac6426,af852862-f01e-4ddd-82c6-9781c93ef20b,TCGA-GF-A769,Primary Tumor,TCGA-SKCM,Transcriptome Profiling,Gene Expression Quantification,RNA-Seq,STAR - Counts,open,,2021-12-13T21:26:02.976565-06:00,2024-07-30T15:14:41.229719-05:00,selected,
a3b94365-2a03-4dff-a776-c97c74273d54,52ed30fb-f32a-4b5b-9ab6-e67438e9da8f.rna_seq.augmented_star_gene_counts.tsv,TCGA-D9-A3Z4-01A,eb7f4f8a-97ff-41aa-8471-7f7fffe1e225,c4ed9e22-b5d7-4469-89a8-861a86791c8b,TCGA-D9-A3Z4,Primary Tumor,TCGA-SKCM,Transcriptome Profiling,Gene Expression Quantification,RNA-Seq,STAR - Counts,open,,2021-12-13T21:22:43.425230-06:00,2024-07-30T15:18:44.497140-05:00,selected,
3f52dc4b-32ee-4422-a492-71286ea0baa1,e8ff4a79-4175-479b-bc5c-e09d238babeb.rna_seq.augmented_star_gene_counts.tsv,TCGA-XV-A9W5-01A,308c4f12-7c32-4d65-83a0-a79bc4804de2,64690c6f-80cf-4a87-932c-7d7b3d0fbf6f,TCGA-XV-A9W5,Primary Tumor,TCGA-SKCM,Transcriptome Profiling,Gene Expression Quantification,RNA-Seq,STAR - Counts,open,,2021-12-13T21:30:21.197730-06:00,2024-07-30T15:15:06.816188-05:00,selected,
322086e7-d452-48ed-8ee6-3dfc62dcfecd,aad89bba-d9dc-4a93-8e77-26f2c1ba1c3f.rna_seq.augmented_star_gene_counts.tsv,TCGA-EB-A5UM-01A,14842d52-f246-41be-86f9-8ef535f1160a,667d5c5e-abc0-4fb8-b6c4-739f7cb3f0fe,TCGA-EB-A5UM,Primary Tumor,TCGA-SKCM,Transcriptome Profiling,Gene Expression Quantification,RNA-Seq,STAR - Counts,open,,2021-12-13T21:26:54.356810-06:00,2024-07-30T15:14:14.875820-05:00,selected,
40c7d7fb-f6e0-4891-a941-88724b31666d,df6771b0-4b6c-4565-a2f1-4d919f8d68c9.rna_seq.augmented_star_gene_counts.tsv,TCGA-BF-AAP1-01A,bd48aa87-2974-435d-9f1d-df0e4a822752,6783fb7d-f509-47c6-b39f-535a9026f6bc,TCGA-BF-AAP1,Primary Tumor,TCGA-SKCM,Transcriptome Profiling,Gene Expression Quantification,RNA-Seq,STAR - Counts,open,,2021-12-13T21:29:51.342417-06:00,2024-07-30T15:15:09.246642-05:00,selected,
c73fd616-bad9-42d1-8848-8ca51ddbedfe,9bce9dcb-5676-48d8-8a62-e45d4f297994.rna_seq.augmented_star_gene_counts.tsv,TCGA-EB-A82B-01A,a118f12f-cd13-4d91-b72d-8fa08a894227,78f3d4db-a1ff-4ea2-aaa0-cbf0278b915e,TCGA-EB-A82B,Primary Tumor,TCGA-SKCM,Transcriptome Profiling,Gene Expression Quantification,RNA-Seq,STAR - Counts,open,,2021-12-13T21:26:18.895048-06:00,2024-07-30T15:20:18.305255-05:00,selected,
eb5e89cf-e731-4e82-acab-bc11f4ae7855,6dfa8fc5-ebbc-4e1d-865f-d9026eebd62d.rna_seq.augmented_star_gene_counts.tsv,TCGA-EB-A6QZ-01A,b6656782-8286-4da5-9bb0-0c2f4b2001d0,800f3039-97e0-441e-8292-4ccf1bb4797a,TCGA-EB-A6QZ,Primary Tumor,TCGA-SKCM,Transcriptome Profiling,Gene Expression Quantification,RNA-Seq,STAR - Counts,open,,2021-12-13T21:24:00.521336-06:00,2024-07-30T15:21:23.146472-05:00,selected,
04705af1-2ee5-4aea-9273-5f7372f4aad9,bdb0fb38-9d28-4c8a-8e79-99b183062a2d.rna_seq.augmented_star_gene_counts.tsv,TCGA-GN-A8LN-01A,e9fd60ca-f6f3-49be-972d-6bb062bd57dd,7f7bc51f-7f75-4796-9ce5-a4735c3c0807,TCGA-GN-A8LN,Primary Tumor,TCGA-SKCM,Transcriptome Profiling,Gene Expression Quantification,RNA-Seq,STAR - Counts,open,,2021-12-13T21:28:02.974118-06:00,2024-07-30T15:06:34.966861-05:00,selected,
0e423b71-ba0b-4ae1-bf78-293a8f287570,525b66e0-235a-4bf5-bc46-eb022d630115.rna_seq.augmented_star_gene_counts.tsv,TCGA-EB-A299-01A,5678ae8f-382c-4167-839e-a160ce6710c7,90402c32-9548-432e-85b8-a4f80e14401e,TCGA-EB-A299,Primary Tumor,TCGA-SKCM,Transcriptome Profiling,Gene Expression Quantification,RNA-Seq,STAR - Counts,open,,2021-12-13T21:22:39.930551-06:00,2024-07-30T15:12:35.307898-05:00,selected,
0c94b1ef-6f1b-4701-b524-e0aefc49bb31,60644345-255f-4313-b2b1-ea76f686146e.rna_seq.augmented_star_gene_counts.tsv,TCGA-EB-A44N-01A,fbddb088-bad0-4f1b-bb95-32236414609f,9e5a0b7e-9682-4f29-8e4a-7af968ca93fc,TCGA-EB-A44N,Primary Tumor,TCGA-SKCM,Transcriptome Profiling,Gene Expression Quantification,RNA-Seq,STAR - Counts,open,,2021-12-13T21:23:20.414624-06:00,2024-07-30T15:13:18.125775-05:00,selected,
5a9e2b1d-ba94-4aa6-aea8-97a29efea791,299613f5-2f9a-4687-ab0c-323bf38f3699.rna_seq.augmented_star_gene_counts.tsv,TCGA-ER-A196-01A,239f69f7-e78a-4b09-bf00-e521f63a3bb4,a9eb1022-ffd3-42de-a39d-2126fc7ec0ce,TCGA-ER-A196,Primary Tumor,TCGA-SKCM,Transcriptome Profiling,Gene Expression Quantification,RNA-Seq,STAR - Counts,open,,2021-12-13T21:20:26.099216-06:00,2024-07-30T15:15:41.991729-05:00,selected,
a0bbd6e3-9296-452c-9012-86aeccf66e32,57583139-d2d3-4b97-a616-aa96058d4682.rna_seq.augmented_star_gene_counts.tsv,TCGA-EB-A3HV-01A,62bd0e72-2a69-40da-abc8-6fb155b342c5,b53cf25c-929c-4f1a-870e-13f260c5cf7d,TCGA-EB-A3HV,Primary Tumor,TCGA-SKCM,Transcriptome Profiling,Gene Expression Quantification,RNA-Seq,STAR - Counts,open,,2021-12-13T21:23:00.300402-06:00,2024-07-30T15:18:39.638513-05:00,selected,
fb3fc884-12f8-4634-8439-6d306fb59aff,ca188ec2-4185-4871-b71b-d024a37e5654.rna_seq.augmented_star_gene_counts.tsv,TCGA-XV-AAZY-01A,89b2d64f-450f-4fbd-8a89-5b81792e67fa,b2fbea07-eede-4ab1-994a-da26583a5106,TCGA-XV-AAZY,Primary Tumor,TCGA-SKCM,Transcriptome Profiling,Gene Expression Quantification,RNA-Seq,STAR - Counts,open,,2021-12-13T21:28:45.458378-06:00,2024-07-30T15:22:16.311222-05:00,selected,
0d4fceab-190d-4e98-93b5-6c86c6988e2e,e7c14078-b85e-40b8-9f56-9474543905eb.rna_seq.augmented_star_gene_counts.tsv,TCGA-BF-A5ER-01A,38c53576-d7cf-4700-b205-13711812c1f0,b44cced8-88db-4769-a1b0-b09d28558277,TCGA-BF-A5ER,Primary Tumor,TCGA-SKCM,Transcriptome Profiling,Gene Expression Quantification,RNA-Seq,STAR - Counts,open,,2021-12-13T21:30:17.397955-06:00,2024-07-30T15:12:49.435347-05:00,selected,
a1274594-3ca8-424f-b1a6-26d4a6a353dd,79e77cb6-d567-4e9b-99df-e38e6e05d72e.rna_seq.augmented_star_gene_counts.tsv,TCGA-EB-A430-01A,e393485a-2076-49d4-a747-52f252ab56c4,d0c3a83d-a1bf-4e9a-a610-2fb4370f2891,TCGA-EB-A430,Primary Tumor,TCGA-SKCM,Transcriptome Profiling,Gene Expression Quantification,RNA-Seq,STAR - Counts,open,,2021-12-13T21:24:34.083064-06:00,2024-07-30T15:19:12.962829-05:00,selected,
924bc59b-0400-400a-bdfc-e163ffc4750b,3d1f44d8-6084-47cb-b57b-099f2cd1fa0e.rna_seq.augmented_star_gene_counts.tsv,TCGA-BF-AAP8-01A,dbe59d5d-84db-4a73-9950-c48caea079fc,97991c80-c4aa-4ede-9fd9-bbaff9c4a472,TCGA-BF-AAP8,Primary Tumor,TCGA-SKCM,Transcriptome Profiling,Gene Expression Quantification,RNA-Seq,STAR - Counts,open,,2021-12-13T21:21:38.135345-06:00,2024-07-30T15:18:19.456374-05:00,selected,
023a3ce5-f2e6-46cc-a6a9-011145a1e808,9a38d0dc-6b2c-439d-b10e-efd0f1cba209.rna_seq.augmented_star_gene_counts.tsv,TCGA-ER-A19T-01A,11e2f891-251a-4813-aa90-e944f350c54d,b85b14d7-3b5a-4800-af12-622ec03b9fe5,TCGA-ER-A19T,Primary Tumor,TCGA-SKCM,Transcriptome Profiling,Gene Expression Quantification,RNA-Seq,STAR - Counts,open,,2021-12-13T21:26:12.882796-06:00,2024-07-30T15:07:03.457413-05:00,selected,
be14c489-c096-41fc-a3e3-be5a2cac97e9,85d43afd-9aac-48ca-a9c4-00357b7207e1.rna_seq.augmented_star_gene_counts.tsv,TCGA-BF-A9VF-01A,fb327e26-041e-43fc-bc0c-9c2eb65aeee2,1412ed30-82b3-4a89-9d19-f04196dc3a9c,TCGA-BF-A9VF,Primary Tumor,TCGA-SKCM,Transcriptome Profiling,Gene Expression Quantification,RNA-Seq,STAR - Counts,open,,2021-12-13T21:25:03.157208-06:00,2024-07-30T15:20:14.686911-05:00,selected,
aeada084-449f-4752-8794-61b0e89d213d,b2b4cc41-5760-4463-bcde-16115ceb12c2.rna_seq.augmented_star_gene_counts.tsv,TCGA-BF-A1PZ-01A,2a5ee782-122e-432b-98e0-0849b6f9a3d9,455f982c-a067-46ac-bf89-3e535d0ffca0,TCGA-BF-A1PZ,Primary Tumor,TCGA-SKCM,Transcriptome Profiling,Gene Expression Quantification,RNA-Seq,STAR - Counts,open,,2021-12-13T21:27:21.452820-06:00,2024-07-30T15:19:06.437793-05:00,selected,
1e47e2ed-59c1-4f38-898c-3f29b851247f,4fc05c1a-63b9-415b-ad42-68b013e21b21.rna_seq.augmented_star_gene_counts.tsv,TCGA-BF-AAP4-01A,0b9b0714-dc82-4516-9112-d233b42e0f2b,727a7579-bd82-4141-973f-794424f4d111,TCGA-BF-AAP4,Primary Tumor,TCGA-SKCM,Transcriptome Profiling,Gene Expression Quantification,RNA-Seq,STAR - Counts,open,,2021-12-13T21:22:30.915345-06:00,2024-07-30T15:12:59.897844-05:00,selected,
3031ed04-095b-41cb-a717-1360d04a898b,0e8bcafe-b201-4c66-8a0b-d89a4fd7c7ae.rna_seq.augmented_star_gene_counts.tsv,TCGA-XV-AAZW-01A,bc0f35e6-f464-4c3e-b506-e13c4598db41,7436a28f-01a3-4148-b38e-63c57b5d86c4,TCGA-XV-AAZW,Primary Tumor,TCGA-SKCM,Transcriptome Profiling,Gene Expression Quantification,RNA-Seq,STAR - Counts,open,,2021-12-13T21:18:43.159444-06:00,2024-07-30T15:14:13.589345-05:00,selected,
2348b25a-1aaa-4554-b181-a431fcb7f5a0,4245e942-3439-4e98-9733-b0b8ac25ad56.rna_seq.augmented_star_gene_counts.tsv,TCGA-BF-AAP2-01A,869d7b16-f19b-4e45-a584-994d03462531,7c6e2fe9-d1ff-4bf4-bda1-cc3615eb3584,TCGA-BF-AAP2,Primary Tumor,TCGA-SKCM,Transcriptome Profiling,Gene Expression Quantification,RNA-Seq,STAR - Counts,open,,2021-12-13T21:21:53.361464-06:00,2024-07-30T15:14:04.276196-05:00,selected,
3fdc53df-b3b6-4ec0-a62c-f3d4bd333bcf,f354d13d-89ec-4ed6-821d-df3ab230fc91.rna_seq.augmented_star_gene_counts.tsv,TCGA-EB-A431-01A,3b3d2b6e-c911-4085-a701-2c8ae8fe6a6e,96fc529a-6ad3-456f-a41a-63238ecbb9c4,TCGA-EB-A431,Primary Tumor,TCGA-SKCM,Transcriptome Profiling,Gene Expression Quantification,RNA-Seq,STAR - Counts,open,,2021-12-13T21:30:59.478074-06:00,2024-07-30T15:14:38.512264-05:00,selected,
1e1397c5-ba22-4d9b-b39d-36158650fe9c,add96e53-1114-4364-979b-641665d16629.rna_seq.augmented_star_gene_counts.tsv,TCGA-BF-A5EP-01A,d228f301-0901-41c9-afc1-c0fc5a5279f4,888ef0fc-fc84-4afb-a369-695fee5ae4f6,TCGA-BF-A5EP,Primary Tumor,TCGA-SKCM,Transcriptome Profiling,Gene Expression Quantification,RNA-Seq,STAR - Counts,open,,2021-12-13T21:27:00.563737-06:00,2024-07-30T15:12:44.190458-05:00,selected,
7cfb8928-da64-4476-a214-d77b27f2f8b2,08e3d239-3d8a-4eee-9e08-ac2bcb3f2619.rna_seq.augmented_star_gene_counts.tsv,TCGA-EB-A553-01A,e0337771-33b0-4504-91a8-aec8759265b6,960899ed-b61b-4b20-b16d-e37dffb01aa3,TCGA-EB-A553,Primary Tumor,TCGA-SKCM,Transcriptome Profiling,Gene Expression Quantification,RNA-Seq,STAR - Counts,open,,2021-12-13T21:18:32.407993-06:00,2024-07-30T15:17:19.543274-05:00,selected,
2d189755-b948-46d2-92bc-51788453202c,526fa24c-bb8e-44e5-b5b1-2db9a1bbd935.rna_seq.augmented_star_gene_counts.tsv,TCGA-EB-A3XB-01A,6b1b9edb-34fa-4642-9d68-b77ecfe09abd,a9255dcb-b236-4777-ac43-555e3a5386c3,TCGA-EB-A3XB,Primary Tumor,TCGA-SKCM,Transcriptome Profiling,Gene Expression Quantification,RNA-Seq,STAR - Counts,open,,2021-12-13T21:22:41.587924-06:00,2024-07-30T15:14:10.888131-05:00,selected,
0e1a1325-890d-4170-91fa-c53d4b8065e6,7153b1ef-41b9-4b43-a766-0910291502dd.rna_seq.augmented_star_gene_counts.tsv,TCGA-EB-A5VU-01A,a3e7242d-47a7-44a3-9cf0-357d398a9735,b6ee9305-c935-4692-81f3-956956d5b4c4,TCGA-EB-A5VU,Primary Tumor,TCGA-SKCM,Transcriptome Profiling,Gene Expression Quantification,RNA-Seq,STAR - Counts,open,,2021-12-13T21:24:10.449005-06:00,2024-07-30T15:13:05.240458-05:00,selected,
6af765aa-3805-416d-9688-ba5d24d1b03a,60c210ff-d245-40d2-9de9-7b799cc3ffc9.rna_seq.augmented_star_gene_counts.tsv,TCGA-EB-A3XE-01A,a4709d9d-7df5-4193-96f8-5c6dcb79e8f4,caaf50a4-13b5-4003-b52f-e5f9780f9f94,TCGA-EB-A3XE,Primary Tumor,TCGA-SKCM,Transcriptome Profiling,Gene Expression Quantification,RNA-Seq,STAR - Counts,open,,2021-12-13T21:23:22.169123-06:00,2024-07-30T15:16:34.134643-05:00,selected,
79938db5-9981-4a06-b4b7-5ee3555165d9,de92b16c-4549-4025-9885-76c260c30cf7.rna_seq.augmented_star_gene_counts.tsv,TCGA-FW-A5DX-01A,0a7e0d27-f0bb-44c9-be0c-4c9af19d1c24,889ae822-add8-4a10-abe0-50176c858f80,TCGA-FW-A5DX,Primary Tumor,TCGA-SKCM,Transcriptome Profiling,Gene Expression Quantification,RNA-Seq,STAR - Counts,open,,2021-12-13T21:29:48.334608-06:00,2024-07-30T15:17:32.337499-05:00,selected,
02213727-89b2-4d33-84cb-2cb1af63206e,06c948c5-b714-40b8-b4ce-814effef62c7.rna_seq.augmented_star_gene_counts.tsv,TCGA-BF-A5EO-01A,6365698e-e3bf-4a9f-9361-a5f18488bf1a,8352cbb0-10e7-40bd-96f0-1e982ab4c07b,TCGA-BF-A5EO,Primary Tumor,TCGA-SKCM,Transcriptome Profiling,Gene Expression Quantification,RNA-Seq,STAR - Counts,open,,2021-12-13T21:18:24.678331-06:00,2024-07-30T15:06:48.564587-05:00,selected,
4f81c82d-c1a4-441f-ac6b-535c828e6c94,f02aa649-f382-4f91-9a51-ce73199f8fbc.rna_seq.augmented_star_gene_counts.tsv,TCGA-XV-A9W2-01A,554b8b01-1838-455d-90a9-4e49023ad0f5,8b6b1cbf-dedb-4c99-8f75-eafbe5c43592,TCGA-XV-A9W2,Primary Tumor,TCGA-SKCM,Transcriptome Profiling,Gene Expression Quantification,RNA-Seq,STAR - Counts,open,,2021-12-13T21:30:46.768434-06:00,2024-07-30T15:14:47.602628-05:00,selected,
a5019d98-9b20-464f-b702-6109f86d8ece,4e06764d-9cf1-4cff-ad67-4c5e472fbff5.rna_seq.augmented_star_gene_counts.tsv,TCGA-EB-A3Y6-01A,be3b4702-4307-4d22-b69d-2786eb7c204e,8b93bdb4-b64b-4940-a814-f5b3f5ae56cc,TCGA-EB-A3Y6,Primary Tumor,TCGA-SKCM,Transcriptome Profiling,Gene Expression Quantification,RNA-Seq,STAR - Counts,open,,2021-12-13T21:22:21.319176-06:00,2024-07-30T15:19:15.507130-05:00,selected,
ff327399-14e8-4926-a7f9-27318dc5dd76,2bd0477f-40af-4969-9291-c05ab3d55268.rna_seq.augmented_star_gene_counts.tsv,TCGA-FS-A1ZN-01A,c6c66faf-676b-4302-b825-143e1e72d04d,9d86940d-50fb-4d2f-8b1e-539196885f46,TCGA-FS-A1ZN,Primary Tumor,TCGA-SKCM,Transcriptome Profiling,Gene Expression Quantification,RNA-Seq,STAR - Counts,open,,2021-12-13T21:20:31.007142-06:00,2024-07-30T15:22:32.756537-05:00,selected,
6e9538f8-598a-489e-b26b-637ec5efb830,c0693cea-de7a-4490-a0a4-7aabbb54bd8e.rna_seq.augmented_star_gene_counts.tsv,TCGA-EB-A550-01A,976fa900-4709-4bed-9f20-2bd95c57a806,c757c326-6803-4451-a2d3-4368812855a7,TCGA-EB-A550,Primary Tumor,TCGA-SKCM,Transcriptome Profiling,Gene Expression Quantification,RNA-Seq,STAR - Counts,open,,2021-12-13T21:28:14.093932-06:00,2024-07-30T15:16:39.293914-05:00,selected,
60b9da6a-d9d4-42c2-b2dc-6d8242cf1567,b6a7e87e-2674-4a48-a3c2-c8a9806762b5.rna_seq.augmented_star_gene_counts.tsv,TCGA-EB-A4P0-01A,025c829c-375b-41eb-afb4-069db0f5bc3d,debd7156-8b97-4bdf-9dd9-7e469277d252,TCGA-EB-A4P0,Primary Tumor,TCGA-SKCM,Transcriptome Profiling,Gene Expression Quantification,RNA-Seq,STAR - Counts,open,,2021-12-13T21:27:38.395736-06:00,2024-07-30T15:15:44.447565-05:00,selected,
697cf437-ef38-4203-af4f-b36ec2c81493,f0f41799-29e8-43f9-b357-722df163e963.rna_seq.augmented_star_gene_counts.tsv,TCGA-BF-A3DL-01A,b34a1792-b9c1-4e2c-b3e1-3d3cd13d0d5d,e9f0f030-d9aa-47c8-9f4d-a9ce58888c41,TCGA-BF-A3DL,Primary Tumor,TCGA-SKCM,Transcriptome Profiling,Gene Expression Quantification,RNA-Seq,STAR - Counts,open,,2021-12-13T21:30:52.829676-06:00,2024-07-30T15:15:49.613763-05:00,selected,
c2bce9e5-73ee-43fd-bd95-ac606ac71183,3d89c16f-8045-4861-a82c-9f4624292284.rna_seq.augmented_star_gene_counts.tsv,TCGA-FR-A728-01A,f545d866-611c-48c1-9de4-e0d7c70dc66f,ea6337b3-3b5e-489e-ae2f-2908447f6300,TCGA-FR-A728,Primary Tumor,TCGA-SKCM,Transcriptome Profiling,Gene Expression Quantification,RNA-Seq,STAR - Counts,open,,2021-12-13T21:21:39.661239-06:00,2024-07-30T15:20:15.922097-05:00,selected,
9eea238f-8581-462a-bbba-18d5fbe2ad29,a7e776a3-4159-4cf7-8e05-2c2202330f58.rna_seq.augmented_star_gene_counts.tsv,TCGA-FR-A2OS-01A,8297b2d9-3633-43d4-b6b0-51000b2913ae,f1a69042-8347-45c1-b925-8526a8443b86,TCGA-FR-A2OS,Primary Tumor,TCGA-SKCM,Transcriptome Profiling,Gene Expression Quantification,RNA-Seq,STAR - Counts,open,,2021-12-13T21:26:38.212657-06:00,2024-07-30T15:18:25.850911-05:00,selected,
85ab5d1a-630e-4984-a657-c56a34356aa2,1268327c-805e-4f52-b9ab-451f17e3d129.rna_seq.augmented_star_gene_counts.tsv,TCGA-ER-A19K-01A,e358b11d-2a35-45ae-8910-ae2dc06d39f4,f9e36bc2-484f-48e8-82ba-99026957277a,TCGA-ER-A19K,Primary Tumor,TCGA-SKCM,Transcriptome Profiling,Gene Expression Quantification,RNA-Seq,STAR - Counts,open,,2021-12-13T21:18:58.720083-06:00,2024-07-30T15:17:22.252444-05:00,selected,
5a02f129-6918-4628-a87b-31a0d4d7e40a,897de94a-21ad-4ec5-b50b-1a84370f41a0.rna_seq.augmented_star_gene_counts.tsv,TCGA-GN-A26C-01A,8288b632-9e64-401c-8f45-f268367f40e4,fa099993-ef30-4eff-a8fb-aa41b5ea671a,TCGA-GN-A26C,Primary Tumor,TCGA-SKCM,Transcriptome Profiling,Gene Expression Quantification,RNA-Seq,STAR - Counts,open,,2021-12-13T21:25:20.697198-06:00,2024-07-30T15:15:56.142697-05:00,selected,
79a169b1-5739-440d-8ade-2b6f7268c192,cf2834ac-00ed-4372-be25-042f38241196.rna_seq.augmented_star_gene_counts.tsv,TCGA-EB-A41B-01A,275bd332-a354-4dfd-9833-feb5188356c8,d56a707b-dbf5-481d-9d93-1e23a854a684,TCGA-EB-A41B,Primary Tumor,TCGA-SKCM,Transcriptome Profiling,Gene Expression Quantification,RNA-Seq,STAR - Counts,open,,2021-12-13T21:28:55.889652-06:00,2024-07-30T15:17:03.075460-05:00,selected,
78bc8a71-9cde-4a7b-bb58-233985dea6fa,0143a79a-bac2-47c7-b65d-7e472b2b72ab.rna_seq.augmented_star_gene_counts.tsv,TCGA-BF-AAOU-01A,51f7c360-abbe-4e78-ad64-583a8602fac2,dfe9d2bd-2317-4103-b493-41c5469e08a0,TCGA-BF-AAOU,Primary Tumor,TCGA-SKCM,Transcriptome Profiling,Gene Expression Quantification,RNA-Seq,STAR - Counts,open,,2021-12-13T21:18:12.435533-06:00,2024-07-30T15:16:48.178984-05:00,selected,
8ffd5617-149a-479e-a7d3-81c49c067fee,5467227e-26db-4241-9b21-0dd8ee39fcee.rna_seq.augmented_star_gene_counts.tsv,TCGA-BF-A5ES-01A,caf1bbfa-d165-482b-8169-8ea0cc00fa3d,ef40fa3d-807b-47c1-9f77-58e9778ce391,TCGA-BF-A5ES,Primary Tumor,TCGA-SKCM,Transcriptome Profiling,Gene Expression Quantification,RNA-Seq,STAR - Counts,open,,2021-12-13T21:22:49.494966-06:00,2024-07-30T15:18:01.268023-05:00,selected,
4a836377-512e-4b2c-96c3-ac3906985de0,399e5b76-1d8d-4db9-a186-ffdc2f6e0884.rna_seq.augmented_star_gene_counts.tsv,TCGA-WE-A8K4-01A,3a7e5d1d-3fc6-4100-abe4-8ff43a01ff26,e865b9be-ca10-4805-9634-2f35ad18b63e,TCGA-WE-A8K4,Primary Tumor,TCGA-SKCM,Transcriptome Profiling,Gene Expression Quantification,RNA-Seq,STAR - Counts,open,,2021-12-13T21:21:24.247534-06:00,2024-07-30T15:14:57.860198-05:00,selected,
09d5efc7-ba65-495d-a9fa-e38e49500be3,b1802901-fe29-4665-b960-ca263cba9243.rna_seq.augmented_star_gene_counts.tsv,TCGA-BF-A1PV-01A,090debb2-290d-49dd-b642-7f01c99a795c,eff78af6-0f68-49b9-866b-0d511606f2b1,TCGA-BF-A1PV,Primary Tumor,TCGA-SKCM,Transcriptome Profiling,Gene Expression Quantification,RNA-Seq,STAR - Counts,open,,2021-12-13T21:27:18.694188-06:00,2024-07-30T15:13:02.558163-05:00,selected,
3a9207af-6a95-4ee4-91d5-79510f10e6e2,50f58d2f-7e67-40d8-a35c-a3e2c0bbe457.rna_seq.augmented_star_gene_counts.tsv,TCGA-EB-A41A-01A,0fa415e4-3b59-42d9-b1ad-b2725d07c4ac,ee143e06-0334-45dd-a2b0-1169527d6b4e,TCGA-EB-A41A,Primary Tumor,TCGA-SKCM,Transcriptome Profiling,Gene Expression Quantification,RNA-Seq,STAR - Counts,open,,2021-12-13T21:22:34.718359-06:00,2024-07-30T15:14:32.400343-05:00,selected,
0c5744ec-f8ca-42a9-a493-4d66f9740669,444cc5d2-e345-43ca-8289-193072077eca.rna_seq.augmented_star_gene_counts.tsv,TCGA-EB-A5SE-01A,1ec9257c-7bbc-43c6-8585-0adcb36dc5d0,fda160c9-efdc-4263-98f1-e38b00571b4d,TCGA-EB-A5SE,Primary Tumor,TCGA-SKCM,Transcriptome Profiling,Gene Expression Quantification,RNA-Seq,STAR - Counts,open,,2021-12-13T21:21:57.777249-06:00,2024-07-30T15:13:03.945647-05:00,selected,
3d0de176-c9db-474a-baf2-bc6405236fed,60e8eebe-9770-4db0-9892-d1100114c923.rna_seq.augmented_star_gene_counts.tsv,TCGA-D9-A4Z2-01A,2eea0538-e9ef-4ce7-b88e-17a8d4dfb2d6,fdbbdbf8-cf2e-4550-9727-b023aed9b8d9,TCGA-D9-A4Z2,Primary Tumor,TCGA-SKCM,Transcriptome Profiling,Gene Expression Quantification,RNA-Seq,STAR - Counts,open,,2021-12-13T21:23:23.633368-06:00,2024-07-30T15:14:33.599470-05:00,selected,
d0571992-9837-4f26-ba4c-346e59dff792,13e18e29-9f8a-4bd4-9a5d-e6c30668d07a.rna_seq.augmented_star_gene_counts.tsv,TCGA-EB-A3Y7-01A,97e3f994-8b25-410a-8fbc-21893ec66024,cf97d5ff-1cb7-434e-9ca8-c396cf960e5a,TCGA-EB-A3Y7,Primary Tumor,TCGA-SKCM,Transcriptome Profiling,Gene Expression Quantification,RNA-Seq,STAR - Counts,open,,2021-12-13T21:19:01.767311-06:00,2024-07-30T15:20:23.049647-05:00,selected,
0c8bffdc-844f-44b4-bdcc-77f2f3438f97,5b6bd2fd-de8e-4d58-9b38-c3b2bf2ed418.rna_seq.augmented_star_gene_counts.tsv,TCGA-BF-A3DN-01A,d5d00662-3e0c-47eb-a07d-e1b064576323,d7e86c99-a716-48b8-b067-e73d68b14dee,TCGA-BF-A3DN,Primary Tumor,TCGA-SKCM,Transcriptome Profiling,Gene Expression Quantification,RNA-Seq,STAR - Counts,open,,2021-12-13T21:23:12.839879-06:00,2024-07-30T15:12:33.987964-05:00,selected,
fac8149c-e53b-40c5-bf87-2324156a18f7,b98a06c6-3b43-4749-98cf-b28f4ba06845.rna_seq.augmented_star_gene_counts.tsv,TCGA-EB-A24D-01A,a74e2fec-291c-4967-afe3-101955578225,d7ee2693-39a8-4e3a-b6f6-e4729800e34e,TCGA-EB-A24D,Primary Tumor,TCGA-SKCM,Transcriptome Profiling,Gene Expression Quantification,RNA-Seq,STAR - Counts,open,,2021-12-13T21:27:49.153203-06:00,2024-07-30T15:22:01.269415-05:00,selected,
0aaec814-e30d-489b-928d-62776b8028cd,dd28c353-13f2-4e6a-a2d7-df94352e043f.rna_seq.augmented_star_gene_counts.tsv,TCGA-EB-A24C-01A,67d59a46-5944-4b23-aa7b-9561c6f7b956,2f1bbe96-49d9-417b-bc9c-a09992489340,TCGA-EB-A24C,Primary Tumor,TCGA-SKCM,Transcriptome Profiling,Gene Expression Quantification,RNA-Seq,STAR - Counts,open,,2021-12-13T21:29:36.951732-06:00,2024-07-30T15:12:32.827784-05:00,selected,
7042afe8-04ac-42d2-87ee-1ba95cf67b8a,b1f01324-d0ca-4779-9ae0-5348e2613084.rna_seq.augmented_star_gene_counts.tsv,TCGA-ER-A194-01A,ea15a5b0-8ba7-4114-853f-e3396e81cceb,2bbf00f4-7798-4dad-9894-96202c9132be,TCGA-ER-A194,Primary Tumor,TCGA-SKCM,Transcriptome Profiling,Gene Expression Quantification,RNA-Seq,STAR - Counts,open,,2021-12-13T21:27:20.207513-06:00,2024-07-30T15:17:09.316026-05:00,selected,
50bbbefe-3eba-4562-be2f-870b7deab4db,1af0bfa7-8beb-499f-a658-ed1dd9fdb701.rna_seq.augmented_star_gene_counts.tsv,TCGA-D9-A4Z5-01A,feb84780-62c9-4fdf-baf3-ae9ff4e072ba,a4e5a8ba-dbb2-4ee9-8ab3-cc5bab152cc2,TCGA-D9-A4Z5,Primary Tumor,TCGA-SKCM,Transcriptome Profiling,Gene Expression Quantification,RNA-Seq,STAR - Counts,open,,2021-12-13T21:19:21.930852-06:00,2024-07-30T15:15:19.942936-05:00,selected,
b2326886-2b2a-4fef-b540-6aede1219c10,1b0a23c2-785d-4a14-b673-86c97ceff401.rna_seq.augmented_star_gene_counts.tsv,TCGA-EB-A6R0-01A,2e8b6ecc-8921-4eb9-b5c3-3e1ebf77fb2f,5bf40b29-d722-430a-91bc-cad941ee3694,TCGA-EB-A6R0,Primary Tumor,TCGA-SKCM,Transcriptome Profiling,Gene Expression Quantification,RNA-Seq,STAR - Counts,open,,2021-12-13T21:19:24.124931-06:00,2024-07-30T15:18:53.682266-05:00,selected,
22e9fbd3-2724-448e-ba19-41a3dca233f2,f0a22b8b-4cf5-4edc-9502-1e01839fa7c7.rna_seq.augmented_star_gene_counts.tsv,TCGA-D9-A4Z3-01A,1ea2980f-8d39-43d1-bb72-126f25825f5c,1cad4b22-ec8b-4e34-bfef-5464d185923a,TCGA-D9-A4Z3,Primary Tumor,TCGA-SKCM,Transcriptome Profiling,Gene Expression Quantification,RNA-Seq,STAR - Counts,open,,2021-12-13T21:30:49.283620-06:00,2024-07-30T15:13:49.295036-05:00,selected,
9be77f99-e6d0-4a90-8a04-167e4dff5cb1,59364db9-7bf7-4a15-9798-8e3886078012.rna_seq.augmented_star_gene_counts.tsv,TCGA-EB-A1NK-01A,74a436c7-f7ba-4f98-bb12-d90b29c9df68,27c9e7aa-1760-4cfc-95b0-a091d35d317b,TCGA-EB-A1NK,Primary Tumor,TCGA-SKCM,Transcriptome Profiling,Gene Expression Quantification,RNA-Seq,STAR - Counts,open,,2021-12-13T21:23:05.491050-06:00,2024-07-30T15:18:37.042457-05:00,selected,
9d620b36-099d-4844-a62d-2ac97a41f481,3f4020bf-9f9a-479d-b3af-883c5875d84e.rna_seq.augmented_star_gene_counts.tsv,TCGA-GF-A2C7-01A,053caf96-e851-401d-a5cc-214dba82fe05,285d8e2c-f183-49d5-bc1c-fd47c6670acc,TCGA-GF-A2C7,Primary Tumor,TCGA-SKCM,Transcriptome Profiling,Gene Expression Quantification,RNA-Seq,STAR - Counts,open,,2021-12-13T21:21:46.238397-06:00,2024-07-30T15:18:24.621922-05:00,selected,
ee61c0af-a3c7-440d-998d-1e895853aa70,35c6ff25-753c-4ebe-bbe7-2e7105d052e8.rna_seq.augmented_star_gene_counts.tsv,TCGA-HR-A5NC-01A,3dfe24eb-2203-49f7-9a06-76acb0dcbde8,2c8d436c-4edb-4083-b23f-9a33307d5bb2,TCGA-HR-A5NC,Primary Tumor,TCGA-SKCM,Transcriptome Profiling,Gene Expression Quantification,RNA-Seq,STAR - Counts,open,,2021-12-13T21:21:02.348730-06:00,2024-07-30T15:21:24.304752-05:00,selected,
d8dc459f-7d09-4e84-8756-dc990dded9a4,9075936e-cc58-4740-abf4-1c733abb3d9f.rna_seq.augmented_star_gene_counts.tsv,TCGA-BF-AAP7-01A,efdd50e9-d9a8-4a64-86f6-1363dcc45694,3e39c93e-ccae-48d5-9b27-62dae0e75c07,TCGA-BF-AAP7,Primary Tumor,TCGA-SKCM,Transcriptome Profiling,Gene Expression Quantification,RNA-Seq,STAR - Counts,open,,2021-12-13T21:25:41.465988-06:00,2024-07-30T15:20:44.521795-05:00,selected,
4baea7f2-ebc6-41bf-9d87-ee39b6114c03,ae30907a-a08a-44f3-b656-b0ba9729c8e7.rna_seq.augmented_star_gene_counts.tsv,TCGA-BF-A1PU-01A,d9c8128a-5990-43c8-ac08-cbdf035213d6,3dd5a206-d7f3-42f1-b9cc-4b31c76d495d,TCGA-BF-A1PU,Primary Tumor,TCGA-SKCM,Transcriptome Profiling,Gene Expression Quantification,RNA-Seq,STAR - Counts,open,,2021-12-13T21:27:01.859550-06:00,2024-07-30T15:15:27.784978-05:00,selected,
a8046813-e06d-4044-99f5-794335d7dede,8da8aaa5-5059-4c87-a32b-8c99ebeeb52d.rna_seq.augmented_star_gene_counts.tsv,TCGA-EB-A97M-01A,c3e1f28f-cea8-47ba-92c4-02a8b2028787,51f3321b-ed78-4bdd-aa75-7d632ef53df1,TCGA-EB-A97M,Primary Tumor,TCGA-SKCM,Transcriptome Profiling,Gene Expression Quantification,RNA-Seq,STAR - Counts,open,,2021-12-13T21:25:34.355425-06:00,2024-07-30T15:19:31.091741-05:00,selected,
6d0cb26f-66c1-4a12-a378-57176b74fd94,e5361f4b-702f-4404-aa03-1cb37ea109b1.rna_seq.augmented_star_gene_counts.tsv,TCGA-EB-A3XC-01A,f5d282ab-855e-460e-9e87-c69a0818b8cd,5226b25f-e326-4884-af79-916e4bbb701f,TCGA-EB-A3XC,Primary Tumor,TCGA-SKCM,Transcriptome Profiling,Gene Expression Quantification,RNA-Seq,STAR - Counts,open,,2021-12-13T21:30:11.022228-06:00,2024-07-30T15:16:21.437790-05:00,selected,
758998a9-f7d9-4e18-87de-d264754211b3,c7d31245-5d71-4a23-8a33-4f83c4718e20.rna_seq.augmented_star_gene_counts.tsv,TCGA-D3-A5GT-01A,8e889a4a-7677-429f-afd6-980b0f44df2d,6250b800-f72e-4c8e-a0e0-206049398ba7,TCGA-D3-A5GT,Primary Tumor,TCGA-SKCM,Transcriptome Profiling,Gene Expression Quantification,RNA-Seq,STAR - Counts,open,,2021-12-13T21:28:41.829471-06:00,2024-07-30T15:16:59.489742-05:00,selected,
b4409e3c-d7ca-4d5b-ad02-a710268c2647,393a470f-8641-493a-98fe-e0ec38c8d7f9.rna_seq.augmented_star_gene_counts.tsv,TCGA-EB-A3XF-01A,68d47771-cec4-4f48-b3d1-0063e3059b31,555bbd13-8ad7-43b3-9087-001db30089f1,TCGA-EB-A3XF,Primary Tumor,TCGA-SKCM,Transcriptome Profiling,Gene Expression Quantification,RNA-Seq,STAR - Counts,open,,2021-12-13T21:21:17.121316-06:00,2024-07-30T15:19:24.855736-05:00,selected,
df2a1203-891b-4b47-99c5-01a2fe3cfe66,5ab66d03-c324-4ec2-b3bb-7970c121a7f5.rna_seq.augmented_star_gene_counts.tsv,TCGA-BF-AAP6-01A,e7f8da1a-e0de-4794-befe-fda167720d38,a5ab4498-8721-40ea-8ee4-fc1a6d05721d,TCGA-BF-AAP6,Primary Tumor,TCGA-SKCM,Transcriptome Profiling,Gene Expression Quantification,RNA-Seq,STAR - Counts,open,,2021-12-13T21:23:09.761429-06:00,2024-07-30T15:21:02.270268-05:00,selected,
481fa807-fe38-42ee-bd7b-617066f616d6,855f0a82-04de-485d-9613-5ccf08074069.rna_seq.augmented_star_gene_counts.tsv,TCGA-GN-A4U5-01A,7ed11cad-e9b8-4250-8098-1f70ac319a8c,c35d97f8-1b70-4fbd-a603-9230b3ba7952,TCGA-GN-A4U5,Primary Tumor,TCGA-SKCM,Transcriptome Profiling,Gene Expression Quantification,RNA-Seq,STAR - Counts,open,,2021-12-13T21:25:01.611992-06:00,2024-07-30T15:15:12.166454-05:00,selected,
2b41f892-17f8-4657-8212-c1c15d960e3f,07108549-98ef-4c31-b649-feb043879304.rna_seq.augmented_star_gene_counts.tsv,TCGA-BF-A5EQ-01A,455baa03-cee7-43b2-8f5e-bc9559dcd0bd,53de8f81-a226-4ab9-bddc-856ffd111817,TCGA-BF-A5EQ,Primary Tumor,TCGA-SKCM,Transcriptome Profiling,Gene Expression Quantification,RNA-Seq,STAR - Counts,open,,2021-12-13T21:18:31.143349-06:00,2024-07-30T15:14:09.572418-05:00,selected,
36fb8a2b-4671-4df9-8c06-263ee7dc8e15,1b572d35-f98e-4389-b234-a2591a74d7a8.rna_seq.augmented_star_gene_counts.tsv,TCGA-ER-A42H-01A,8bdca7df-69d0-4c00-a4f3-0fedacf645fe,ea3c0988-17c7-4eb0-a1a6-cef1e0865384,TCGA-ER-A42H,Primary Tumor,TCGA-SKCM,Transcriptome Profiling,Gene Expression Quantification,RNA-Seq,STAR - Counts,open,,2021-12-13T21:19:26.022168-06:00,2024-07-30T15:14:17.405229-05:00,selected,
2716fe1d-01ab-43b1-9f3b-cbc1ce9c7cbc,22f63ce0-5364-48b0-b424-5b971a1dcd33.rna_seq.augmented_star_gene_counts.tsv,TCGA-BF-A1PX-01A,ee2f9863-0dae-4830-a780-e7745414bc3d,197ac33e-d5df-40de-92f2-6ef7fe2ad6dd,TCGA-BF-A1PX,Primary Tumor,TCGA-SKCM,Transcriptome Profiling,Gene Expression Quantification,RNA-Seq,STAR - Counts,open,,2021-12-13T21:19:58.349155-06:00,2024-07-30T15:14:21.020413-05:00,selected,
616a1703-702d-4dde-a103-9bfa2a7eee96,3266aaf5-28ea-45af-9e1c-cb0d3ab3b807.rna_seq.augmented_star_gene_counts.tsv,TCGA-YG-AA3N-01A,51762528-71cf-4568-a8a9-1771396e7f93,1c052cde-7a70-410b-a273-dbe39dd968f4,TCGA-YG-AA3N,Primary Tumor,TCGA-SKCM,Transcriptome Profiling,Gene Expression Quantification,RNA-Seq,STAR - Counts,open,,2021-12-13T21:20:49.729508-06:00,2024-07-30T15:16:27.871513-05:00,selected,
5768d960-0e79-4927-a7a2-860a7cc1bcf1,16dd072b-b664-43e8-8862-c9d9d945f8bc.rna_seq.augmented_star_gene_counts.tsv,TCGA-BF-A3DM-01A,ffdcb50d-0e00-49b1-aaf6-f3a920cbcacc,1ca2eb9f-9496-450f-83fe-c7a6cb1a075b,TCGA-BF-A3DM,Primary Tumor,TCGA-SKCM,Transcriptome Profiling,Gene Expression Quantification,RNA-Seq,STAR - Counts,open,,2021-12-13T21:19:11.186877-06:00,2024-07-30T15:16:10.123515-05:00,selected,
f5cb8623-1932-48a9-b2d3-e769b76a6f9a,7cebd572-2edd-4351-b59e-fb4417a46b9c.rna_seq.augmented_star_gene_counts.tsv,TCGA-EB-A4OZ-01A,70a845e0-ac4c-4f34-8384-87f990021cf5,236ef9ca-9362-44f3-a36b-2a19509bab9d,TCGA-EB-A4OZ,Primary Tumor,TCGA-SKCM,Transcriptome Profiling,Gene Expression Quantification,RNA-Seq,STAR - Counts,open,,2021-12-13T21:24:42.904449-06:00,2024-07-30T15:21:44.513168-05:00,selected,
2ddc83c1-35f0-4060-95d5-dbfe479642f3,a9e8b311-dfde-4c34-80a2-5e64f94c596b.rna_seq.augmented_star_gene_counts.tsv,TCGA-BF-AAOX-01A,698809e1-6267-4f6b-b3d2-2201a5e12702,2e0f7da5-9078-4c7f-b074-565246529a83,TCGA-BF-AAOX,Primary Tumor,TCGA-SKCM,Transcriptome Profiling,Gene Expression Quantification,RNA-Seq,STAR - Counts,open,,2021-12-13T21:26:49.145256-06:00,2024-07-30T15:13:56.657607-05:00,selected,
1b354090-3362-4233-bb8a-c50bca73497c,967bf1b6-e9da-42b7-8d3c-e6a56394b568.rna_seq.augmented_star_gene_counts.tsv,TCGA-EB-A4IQ-01A,f924e10e-6cd3-49c4-b70d-56ad965c422e,4e9d1a69-1f10-4500-9dda-f8eb1ccc6576,TCGA-EB-A4IQ,Primary Tumor,TCGA-SKCM,Transcriptome Profiling,Gene Expression Quantification,RNA-Seq,STAR - Counts,open,,2021-12-13T21:25:59.672915-06:00,2024-07-30T15:12:57.312698-05:00,selected,
69e26c15-85d1-42c6-a278-5bc8746a34ef,04e3aeba-c9bd-483d-9484-5ecc0e64a054.rna_seq.augmented_star_gene_counts.tsv,TCGA-EB-A51B-01A,ee90a4fc-c88f-438b-969a-328ea7f23580,554270fb-1fb3-4aeb-81a1-f78c30b143b4,TCGA-EB-A51B,Primary Tumor,TCGA-SKCM,Transcriptome Profiling,Gene Expression Quantification,RNA-Seq,STAR - Counts,open,,2021-12-13T21:18:19.410372-06:00,2024-07-30T15:16:20.033315-05:00,selected,
f1c96d98-c614-4a8e-8035-bb3bd0f665f6,be9a8b34-4ecb-4542-8d30-4d5019fd1903.rna_seq.augmented_star_gene_counts.tsv,TCGA-FR-A726-01A,010d3625-4234-49a2-8864-a4d3809af628,49f961af-1126-431d-93cd-18941c1738f3,TCGA-FR-A726,Primary Tumor,TCGA-SKCM,Transcriptome Profiling,Gene Expression Quantification,RNA-Seq,STAR - Counts,open,,2021-12-13T21:28:07.640114-06:00,2024-07-30T15:21:39.258157-05:00,selected,
8f2c4b4e-db26-4c8d-b226-2062bcb7f6a5,1c7309b2-91f0-4305-aad7-f86c0d143559.rna_seq.augmented_star_gene_counts.tsv,TCGA-EB-A42Y-01A,4ba4ece8-efd6-4269-8068-c6bad8850c34,ef7bc188-6aec-467e-801a-ab2109a28104,TCGA-EB-A42Y,Primary Tumor,TCGA-SKCM,Transcriptome Profiling,Gene Expression Quantification,RNA-Seq,STAR - Counts,open,,2021-12-13T21:19:33.811547-06:00,2024-07-30T15:17:44.892423-05:00,selected,
c7ba090c-98e4-4f0d-bf9a-e7ec40bd7487,8cb3ba59-cfa2-4529-87a4-80d3f7be1332.rna_seq.augmented_star_gene_counts.tsv,TCGA-EB-A85J-01A,6b8af855-4062-4410-a14f-03fa31a0d760,ee08eda6-033e-403b-a26a-747b118ae897,TCGA-EB-A85J,Primary Tumor,TCGA-SKCM,Transcriptome Profiling,Gene Expression Quantification,RNA-Seq,STAR - Counts,open,,2021-12-13T21:25:30.762559-06:00,2024-07-30T15:19:49.943951-05:00,selected,
f0bf8174-6862-4ef6-963e-b06a8df88c1d,e2ac493b-9157-4756-8949-edf4b7f334cd.rna_seq.augmented_star_gene_counts.tsv,TCGA-EB-A42Z-01A,c487b051-e897-4014-a6e9-ea2d46be7137,eea5ea8b-6579-44c2-a205-47befe82ee9f,TCGA-EB-A42Z,Primary Tumor,TCGA-SKCM,Transcriptome Profiling,Gene Expression Quantification,RNA-Seq,STAR - Counts,open,,2021-12-13T21:30:03.486274-06:00,2024-07-30T15:20:56.113586-05:00,selected,
a20d9e3d-4b44-4843-8387-b75b20ba47a5,c6e243ee-b2d9-408e-ac05-ccbcffa805ab.rna_seq.augmented_star_gene_counts.tsv,TCGA-EB-A44O-01A,70df4902-ae28-4634-abfd-ed3d3f446a74,c787c4da-c564-44f1-89eb-dd9da107acb1,TCGA-EB-A44O,Primary Tumor,TCGA-SKCM,Transcriptome Profiling,Gene Expression Quantification,RNA-Seq,STAR - Counts,open,,2021-12-13T21:28:38.138778-06:00,2024-07-30T15:18:40.750383-05:00,selected,
32c1be5e-e833-43f5-a515-75b6e54dbefb,22e9b9d1-ac71-43f5-8606-f9f53c6ecc08.rna_seq.augmented_star_gene_counts.tsv,TCGA-ER-A2NB-01A,49fa6c68-b176-42c7-883a-1486dfacda44,bda2f09a-82c4-40ec-90e8-0bf63916a5c7,TCGA-ER-A2NB,Primary Tumor,TCGA-SKCM,Transcriptome Profiling,Gene Expression Quantification,RNA-Seq,STAR - Counts,open,,2021-12-13T21:19:57.101447-06:00,2024-07-30T15:13:45.531280-05:00,selected,
25091999-a496-480b-a60c-e43703ecb9d4,3711c9b4-a52b-4786-8bf8-5b6a59605c16.rna_seq.augmented_star_gene_counts.tsv,TCGA-ER-A2NF-01A,52edd1db-f1c3-4b87-b959-b5b095e52463,d32a4219-4cca-470f-b6b3-11447d9f5e0b,TCGA-ER-A2NF,Primary Tumor,TCGA-SKCM,Transcriptome Profiling,Gene Expression Quantification,RNA-Seq,STAR - Counts,open,,2021-12-13T21:21:09.157928-06:00,2024-07-30T15:13:50.609791-05:00,selected,
c3183b2f-9803-4d4e-8425-9bc1df199005,ddef6a35-2b19-45e9-9ace-420a8e94db86.rna_seq.augmented_star_gene_counts.tsv,TCGA-GN-A263-01A,b49a1878-b34d-450d-85c9-673b98030c0b,08d2b181-2b6e-4754-bfa9-5a94a1f18526,TCGA-GN-A263,Primary Tumor,TCGA-SKCM,Transcriptome Profiling,Gene Expression Quantification,RNA-Seq,STAR - Counts,open,,2021-12-13T21:29:41.600007-06:00,2024-07-30T15:19:47.418610-05:00,selected,
27c45a4f-c722-4e5e-b5a1-ca4f915c756b,69d9a82b-5c37-45bd-a1cf-ffe1392e84fc.rna_seq.augmented_star_gene_counts.tsv,TCGA-EB-A57M-01A,0c0ff3c7-8b04-4b6d-9e5d-f3b361025290,05f4058d-3066-4d16-8320-cf92f122945f,TCGA-EB-A57M,Primary Tumor,TCGA-SKCM,Transcriptome Profiling,Gene Expression Quantification,RNA-Seq,STAR - Counts,open,,2021-12-13T21:23:41.341869-06:00,2024-07-30T15:13:53.030348-05:00,selected,
e840cd4c-03c4-4f8a-934d-96b655973f71,37870efb-e4e9-4772-bdec-b9de38ce4aec.rna_seq.augmented_star_gene_counts.tsv,TCGA-XV-AAZV-01A,b6e20c96-b03d-4f87-898c-7e937c16b87d,92116b0b-e614-4a27-a3c2-207e561c788b,TCGA-XV-AAZV,Primary Tumor,TCGA-SKCM,Transcriptome Profiling,Gene Expression Quantification,RNA-Seq,STAR - Counts,open,,2021-12-13T21:21:10.862580-06:00,2024-07-30T15:21:34.383374-05:00,selected,
ffcf6ae1-5491-43cb-9b66-54addaa56362,d93b1580-c20d-4611-ac99-c0cb33f37a45.rna_seq.augmented_star_gene_counts.tsv,TCGA-EB-A5SF-01A,77e9f0d2-2ca5-48db-8a9c-51bdaf600d2a,32e40e0b-e74b-428c-acd3-84ec6a80c024,TCGA-EB-A5SF,Primary Tumor,TCGA-SKCM,Transcriptome Profiling,Gene Expression Quantification,RNA-Seq,STAR - Counts,open,,2021-12-13T21:29:27.990257-06:00,2024-07-30T13:46:58.236833-05:00,selected,
6c68991a-819b-4d2f-ab04-eed0fd6e7aa9,3bb03dc9-6daf-42ef-95d6-cdf726f926e8.rna_seq.augmented_star_gene_counts.tsv,TCGA-EB-A5FP-01A,6a9b002f-81d5-46d9-b0f3-825fc527f92f,2e6f9985-6d13-4b08-8a40-5ea44e9553f0,TCGA-EB-A5FP,Primary Tumor,TCGA-SKCM,Transcriptome Profiling,Gene Expression Quantification,RNA-Seq,STAR - Counts,open,,2021-12-13T21:21:31.364749-06:00,2024-07-30T15:16:06.327075-05:00,selected,
52902940-1f79-4432-bdde-f20f286e0d9b,30608f63-2604-489c-bf96-09e56acfe912.rna_seq.augmented_star_gene_counts.tsv,TCGA-EB-A4IS-01A,b5557597-ca85-4f01-a195-e54e72f1f2cf,187376e0-b4f3-44ed-ab43-88b6eff3e552,TCGA-EB-A4IS,Primary Tumor,TCGA-SKCM,Transcriptome Profiling,Gene Expression Quantification,RNA-Seq,STAR - Counts,open,,2021-12-13T21:20:44.761681-06:00,2024-07-30T15:15:34.184452-05:00,selected,
397d35c9-da0a-4967-a30d-cc02fb35b127,718c4754-af81-496f-878d-83222a2581b8.rna_seq.augmented_star_gene_counts.tsv,TCGA-XV-A9VZ-01A,b10c679b-b9c9-49df-bc56-adda81e16955,4a2135bd-31ff-4564-9e87-1164b3422f61,TCGA-XV-A9VZ,Primary Tumor,TCGA-SKCM,Transcriptome Profiling,Gene Expression Quantification,RNA-Seq,STAR - Counts,open,,2021-12-13T21:24:12.474991-06:00,2024-07-30T15:14:18.586672-05:00,selected,
cfce8a54-88f6-4bc1-8d1d-840d548568bb,dd629237-9358-4b4d-bbf2-346e3d5c34be.rna_seq.augmented_star_gene_counts.tsv,TCGA-EB-A82C-01A,61bcca39-50bc-42f2-a209-f0bbd1f8f628,536e1779-550b-47f1-a204-50a16870a8e1,TCGA-EB-A82C,Primary Tumor,TCGA-SKCM,Transcriptome Profiling,Gene Expression Quantification,RNA-Seq,STAR - Counts,open,,2021-12-13T21:29:38.434919-06:00,2024-07-30T15:19:53.684817-05:00,selected,
