sample_id,Hot_score,Cold_score,hot_genes_used,cold_genes_used,case_id,sample_type,project,file_uuid
TCGA-IB-7888-01A,0.12596629162868542,0.298473047647565,15,12,05d2adb3-5c6d-4edc-ba4c-bdbf628f4eee,Primary Tumor,TCGA-PAAD,a4d0115d-3bb1-41df-b2a8-823cebc7104a
TCGA-FB-A78T-01A,0.21454407499723127,0.03258736517872381,15,12,2ad10199-1381-42b7-b54f-da34c1b1d3c0,Primary Tumor,TCGA-PAAD,f253cd32-9c55-4541-8c6c-5e4a1db99ee1
TCGA-2J-AABI-01A,0.06148996149564781,0.08874415400483449,15,12,2aaf212f-000a-4a9d-8a4a-198fa94f491e,Primary Tumor,TCGA-PAAD,fbd81952-f83a-4a24-86f8-5a415a722499
TCGA-HZ-7918-01A,1.619292334991769,0.7142715179018165,15,12,620e0648-ec20-4a12-a6cb-5546fe829c77,Primary Tumor,TCGA-PAAD,649f4d81-a634-4734-ba31-bdeb0877312a
TCGA-2J-AABO-01A,-0.9960759430316634,-0.4929558353365627,15,12,a8c3e333-865d-4060-8ce4-453aa6f9f0e8,Primary Tumor,TCGA-PAAD,4a1c8620-73ce-4be9-ae64-589afb3007d9
TCGA-IB-AAUN-01A,0.8308186422885159,-0.22313476596900664,15,12,638b1a6a-c222-414c-96bc-f259f0afb278,Primary Tumor,TCGA-PAAD,84d8e8f1-fe75-46bb-9693-423d055c7fd1
TCGA-HZ-7924-01A,0.5588271844259125,0.25717863373711186,15,12,ad220f0d-06b7-4dad-a87d-36dff31c8623,Primary Tumor,TCGA-PAAD,6adf699d-16b8-436b-add5-93045cdf9b1b
TCGA-3A-A9I7-01A,0.47348118129517397,0.2847920144648101,15,12,556baca9-03d6-48a3-9216-4fc441e99f90,Primary Tumor,TCGA-PAAD,3eb32ae7-a542-4c58-8394-fef21dbeaac7
TCGA-FB-AAPY-01A,0.34490208964946956,-0.024980891919048998,15,12,953359da-e535-48e6-97dc-1b4ccad6a671,Primary Tumor,TCGA-PAAD,0c098157-254b-492b-ad08-54cf813814d9
TCGA-RB-A7B8-01A,-0.045843640988062685,0.11253883684381655,15,12,5bfe94ed-88b9-44ce-8bbd-1285ab9678a4,Primary Tumor,TCGA-PAAD,ef0f7a22-52d3-4f00-a5f2-8679f5088430
TCGA-FB-A545-01A,-1.6866941348167659,-0.6520550281480094,15,12,b0cb81ad-3c20-4d56-ab7d-f64c0caee1ce,Primary Tumor,TCGA-PAAD,74f8a777-aab6-4e45-b8b7-0bc69b28f809
TCGA-2J-AABK-01A,0.27549356290024274,-0.5026244369523779,15,12,c24c54ea-4095-460d-bb53-e3629a56cd62,Primary Tumor,TCGA-PAAD,3e270d2f-1ba3-4c2f-8eaf-55b97080fdab
TCGA-FB-AAQ6-01A,-1.1556924894877036,-1.110371075141942,15,12,8475c44d-e091-4c65-b1b4-9a77ae3c0e1d,Primary Tumor,TCGA-PAAD,8c9053d8-cd32-42f2-a334-532b234edf2d
TCGA-PZ-A5RE-01A,0.0750735805712725,0.04407980384887727,15,12,c26002e7-abf1-42b9-bf36-0e97249d872f,Primary Tumor,TCGA-PAAD,e501087c-0bfa-4447-b7f3-4ca93b4a6c0e
TCGA-US-A779-01A,-1.3018760098976896,-1.3131919832646644,15,12,53c94a86-1b4d-4833-a169-d990c460b301,Primary Tumor,TCGA-PAAD,6671afe0-b094-4d02-8bdf-02e6660cea94
TCGA-IB-AAUM-01A,-0.5108490627185577,-0.41739275973227935,15,12,cfda26b9-d417-425c-9a72-fa76ca4b296c,Primary Tumor,TCGA-PAAD,87e328c3-6376-40f1-9305-b2ec852d81d2
TCGA-IB-A7M4-01A,0.510717588792933,-0.21844652786608246,15,12,6a0a280d-4a30-4071-afe7-de6b82a6e34c,Primary Tumor,TCGA-PAAD,1c49d2cb-2071-473f-a517-2010e28475ab
TCGA-3A-A9IU-01A,-0.09583183384919639,-0.03735060569082811,15,12,cd9dc5c5-1161-43ea-a617-1356a3b23e16,Primary Tumor,TCGA-PAAD,7ca10400-9647-4766-98bf-b5c8130346d0
TCGA-2J-AABV-01A,-1.6378870110578665,-1.9743242473617837,15,12,232073a1-2bf3-4539-a396-bde7836f9aeb,Primary Tumor,TCGA-PAAD,483e03f9-4112-4a4f-9b1b-c6330c4d7527
TCGA-HV-AA8X-01A,-0.06930925959847326,-0.5620785859211616,15,12,16b38977-aea1-4c75-89ec-4fb551f652dd,Primary Tumor,TCGA-PAAD,44f31ab7-9518-4b29-99fd-9b1247d9d189
TCGA-US-A77G-01A,-0.5995979884679227,-0.8842261269116318,15,12,74aa6675-28b7-46dc-9015-f07a07c7b018,Primary Tumor,TCGA-PAAD,c5b35b34-cf5e-4168-8aec-79a7df72da0e
TCGA-IB-AAUU-01A,-0.032691617080357796,-0.007072890526810288,15,12,a53c919a-4e08-46f1-af3f-30b16b597c33,Primary Tumor,TCGA-PAAD,3f69c795-598c-491f-b4ae-3812a974daa3
TCGA-2J-AABE-01A,-1.0717448052841396,0.09449760188399679,15,12,58c1c391-5ea3-4432-bb1e-e7e1974954bc,Primary Tumor,TCGA-PAAD,3982f99d-d2ad-48cb-b3d5-840502c5bf53
TCGA-HZ-8636-01A,0.3721161686536482,1.0282847366038064,15,12,02ef2e1a-5afe-4c00-a3ea-7f4a153f1da4,Primary Tumor,TCGA-PAAD,215525e7-fa5f-4495-a84d-17cd952dfcd3
TCGA-HV-AA8V-01A,-0.20123879336187506,0.5467183382105868,15,12,0fa89fbc-307a-48d5-adce-192556755c22,Primary Tumor,TCGA-PAAD,9ee5108b-9bce-407d-ae5a-075322882c00
TCGA-HV-A5A5-01A,-0.0025774538115932,0.13315195736099716,15,12,1b31d2e9-5b05-4fff-88d6-3a95bf8f8d43,Primary Tumor,TCGA-PAAD,9acf5e5d-4397-49bd-9a24-bdda7d6b944e
TCGA-XN-A8T5-01A,0.22066962169127294,0.2590761655523893,15,12,382b279f-87e1-4dbc-a2ca-c1dfde1cf254,Primary Tumor,TCGA-PAAD,0e94fd0c-0f14-412a-80c3-7cb8b9d01c75
TCGA-HZ-7926-01A,0.4042255928544142,0.6797880941127526,15,12,2be42cc2-9b97-4821-afc2-d1e42eb3932d,Primary Tumor,TCGA-PAAD,8044f5b4-6b45-408c-b0fe-059e773e401e
TCGA-3A-A9IH-01A,0.16408772138802477,-0.14632076933243757,15,12,10f0d40b-c4c4-441b-9cfb-bef5e44aa91e,Primary Tumor,TCGA-PAAD,1500117c-5da7-43ba-8453-64d20170eb86
TCGA-2J-AAB8-01A,-0.7179993761828737,-0.561268194375862,15,12,2e8f90f4-aed3-43b0-985c-dfdc2581f24f,Primary Tumor,TCGA-PAAD,3af1813a-c75f-45d8-8289-d19e6979f919
TCGA-HZ-8005-01A,0.932134986028046,0.6693303011204351,15,12,21814c02-6aa5-4b98-8fd8-41ca0b04ccd2,Primary Tumor,TCGA-PAAD,9043ee18-45f4-483e-91c2-b8dd175ac703
TCGA-IB-8126-01A,0.2747015680363215,0.17795562034810394,15,12,4387a2c2-8007-4735-a48c-34a2b476018e,Primary Tumor,TCGA-PAAD,1e3a2f00-8824-47ca-94ac-cff42deb90f3
TCGA-LB-A7SX-01A,-0.09410765928900464,-0.5722246769155716,15,12,5750a6ed-2516-456d-97d4-2f6486845ed8,Primary Tumor,TCGA-PAAD,5dd598ff-58cf-4553-af71-2e0d80a04c08
TCGA-IB-AAUS-01A,0.7943429023883897,1.1247603031175077,15,12,69285f58-9b70-4262-acc0-8cf3d47540c3,Primary Tumor,TCGA-PAAD,2493df6e-8c76-4557-a7af-6d1264e9dac4
TCGA-OE-A75W-01A,1.0689806997416114,-0.38542062410477196,15,12,4a60e87e-6bc1-4ae0-9ccb-4cdc3e99c608,Primary Tumor,TCGA-PAAD,a3b1025f-76a9-4088-a465-0bd3c8ab1193
TCGA-HV-A7OP-01A,-1.657711448819368,-3.1004069855844207,15,12,5c51fbfe-153c-4cd2-97bd-e444daa0b20f,Primary Tumor,TCGA-PAAD,d38c7ed8-f049-44da-bcaa-6dfed9e87562
TCGA-2J-AABF-01A,1.0323793628333935,0.6437363290126307,15,12,886d6116-d496-444f-9b7b-7449dad31055,Primary Tumor,TCGA-PAAD,eb40b06c-68b1-4298-9d1f-4de1e28f07dd
TCGA-HZ-A9TJ-01A,-0.4075315441066568,-0.6826522861623777,15,12,94cd2278-7c76-423b-a44b-564776211a07,Primary Tumor,TCGA-PAAD,a5723a1d-b3d3-4c19-9c61-ed53a8334b3c
TCGA-2L-AAQI-01A,-0.160928506968013,-0.3664555121701932,15,12,a28cfa95-5a99-40f3-928e-7a94f2492d2c,Primary Tumor,TCGA-PAAD,7cb069c7-4347-4d73-aad1-dee5cd15565b
TCGA-XD-AAUH-01A,-0.07407703344280589,0.2786976081274575,15,12,b46b5a4c-59fc-4769-b05a-d15f9aaa753a,Primary Tumor,TCGA-PAAD,68cae6f7-73dd-481d-aac9-dc023e6c12d6
TCGA-IB-7887-01A,0.7321066477840354,0.25586973038488,15,12,fe699c36-82ef-45dd-b636-8c18a9ef6c76,Primary Tumor,TCGA-PAAD,9bfe5f73-1481-41e3-b8fc-d57b057bae31
TCGA-FB-AAPZ-01A,-0.3754513417436514,-0.11936215301302038,15,12,f2313562-c894-486d-a9b6-ed362e12a32a,Primary Tumor,TCGA-PAAD,ce1b2f4c-4a19-4529-9a05-4212ac140ebb
TCGA-FB-AAQ1-01A,-0.34637091617258453,0.056945128992730694,15,12,ff8dac97-42ff-4f48-81c4-50315ad8de58,Primary Tumor,TCGA-PAAD,508e7f55-26a6-4281-88c9-5e35d59f56c2
TCGA-FB-AAQ2-01A,-0.8024891428127531,-0.516227487206121,15,12,f5558dc7-5bef-426f-a6bf-b704fd5dbda0,Primary Tumor,TCGA-PAAD,e916054b-02b5-4f02-8c21-940c14683ced
TCGA-HZ-A8P0-01A,-0.9274025220020469,-0.2684555727567006,15,12,98f1d0eb-0977-4f53-a3b1-e6875a34c27b,Primary Tumor,TCGA-PAAD,245632c2-f70b-4b31-b4b4-81ff6a860bc4
TCGA-F2-6879-01A,0.6374682412501429,0.24356193215870112,15,12,8d9bd437-8b4b-4da5-87ba-6b5790f05022,Primary Tumor,TCGA-PAAD,952b8bf3-3da4-4228-9541-004e17709cb1
TCGA-3A-A9I5-01A,-1.0362857257861418,-0.43144663230502034,15,12,9924e309-5c47-42fe-b937-547f2b3d6842,Primary Tumor,TCGA-PAAD,ec2ef60e-c050-419b-8652-f0dc7ef6b9d4
TCGA-3E-AAAZ-01A,-0.5626909754227809,0.06140857310153794,15,12,9d449aa3-b740-4d5a-9aea-880b6f84cff4,Primary Tumor,TCGA-PAAD,25179d11-adde-4105-a3cb-ecfa7ea16b33
TCGA-IB-A5SP-01A,-0.17296854914965756,-0.9461230567426252,15,12,bd73ed94-5f4f-4eb3-8b9b-391af4422d0e,Primary Tumor,TCGA-PAAD,a1a0185a-0e2e-4988-843f-da28c341841a
TCGA-3A-A9IX-01A,0.2369916664946948,0.7757097015528557,15,12,959e1f13-360e-4e12-add5-bf9a376990d2,Primary Tumor,TCGA-PAAD,103eafcd-aa33-4f6a-b3c4-a3002c951254
TCGA-HZ-8317-01A,-0.5519808407442776,0.3503398645566778,15,12,a2fd0991-cfbd-4162-8ca9-2ed096f54a14,Primary Tumor,TCGA-PAAD,eea4fe20-4aa1-4cbc-8246-29661fb2ff71
TCGA-FB-A4P5-01A,0.4789634817138294,-0.2201755868773874,15,12,b2e29f26-29af-4e2d-84dd-c513b4a07c70,Primary Tumor,TCGA-PAAD,8fafe83c-9f15-40c7-ae4e-f1955b8d17ee
TCGA-2L-AAQJ-01A,-0.06967872793954762,0.04436699568953356,15,12,f96ab3fe-bb11-4585-a35e-52d400e55ab7,Primary Tumor,TCGA-PAAD,e7ea70ac-6345-4b16-9832-04e0800633c6
TCGA-FB-AAPQ-01A,-0.8620023990097712,-0.9604533030686726,15,12,ecdd0e44-0add-4a08-a3f8-ab2f51df7afd,Primary Tumor,TCGA-PAAD,1a96328e-49a7-4655-abcd-d463138f457f
TCGA-US-A77J-01A,0.24718993849129564,0.23239913476362087,15,12,3a3a8fe1-e35c-45d0-aa0b-4fefa9ee9183,Primary Tumor,TCGA-PAAD,241606d3-f359-4df7-ba9e-1c2a86c17d10
TCGA-HZ-7923-01A,0.9578429084653525,1.2476851499198773,15,12,565ee830-5236-4414-aeaa-48ea7eb3b753,Primary Tumor,TCGA-PAAD,9e459810-a982-4f7d-a6b3-ab1ac35bea62
TCGA-IB-7654-01A,0.5400817841934817,0.4831553885394295,15,12,65e5bf5f-f22a-4ec2-8839-aeda37212b98,Primary Tumor,TCGA-PAAD,bed2a207-15f0-4837-9ba0-6638051df824
TCGA-HZ-7920-01A,0.9784857777761975,1.0015346779846546,15,12,1fe937f7-b4e5-4cf6-be9b-215a012533c6,Primary Tumor,TCGA-PAAD,6230d096-38d0-4945-ac66-3811160f11f6
TCGA-HV-A7OL-01A,0.7745997590385196,-0.6968107906410674,15,12,2e0701e1-e16f-457f-b939-7b1128f4a58b,Primary Tumor,TCGA-PAAD,c1613f9f-e93a-426c-a750-54895e588067
TCGA-IB-AAUP-01A,0.7609419990216624,0.6031408673572156,15,12,0a3c8161-4186-4c95-8288-9928d6db0355,Primary Tumor,TCGA-PAAD,f54820a6-a987-4c81-a888-ac9ca590d4a7
TCGA-FB-AAPS-01A,0.04194419560871443,0.4981417096776959,15,12,2048d0f9-ed9f-46df-bcd4-3dfd9137670f,Primary Tumor,TCGA-PAAD,1bccd28f-ef99-486b-b191-e07c17185d57
TCGA-IB-AAUO-01A,0.9437554330599253,-0.21935532319489862,15,12,869e61d6-fbbf-4ca2-be1a-57b82a03c7a1,Primary Tumor,TCGA-PAAD,1985d153-e7f9-44e7-99f9-d71b5d4d565e
TCGA-2J-AABP-01A,1.037988928687616,0.9894421507897605,15,12,a4569ce7-dde7-4660-a24c-409d294b2b8c,Primary Tumor,TCGA-PAAD,d4b54ce7-b3ed-4a31-8bf7-867efc78e980
TCGA-3A-A9IO-01A,-1.2637563230316078,-0.8598205682553987,15,12,13cf4e4c-8d5f-4854-a350-428fdf1ff340,Primary Tumor,TCGA-PAAD,913f4a45-995e-4fc3-b093-b5d80c060898
TCGA-S4-A8RO-01A,-0.60470489267404,-0.2527633963618594,15,12,a9c0f3a1-01eb-4f01-b58a-708b2960e685,Primary Tumor,TCGA-PAAD,26842740-dfe2-4b42-b625-1f5719500851
TCGA-2J-AABA-01A,-0.8696281239045922,-0.2704788051867841,15,12,e3a19e63-bae5-498b-9687-41194aa5728d,Primary Tumor,TCGA-PAAD,574e18d7-010d-48e6-ba40-db3aa3540e34
TCGA-IB-AAUQ-01A,-0.45259882584320904,-0.1261346258002326,15,12,afe89625-b355-454d-8c0b-b4161edd69f8,Primary Tumor,TCGA-PAAD,786ce56f-1b04-4941-a9ea-5722715d42f2
TCGA-HZ-7919-01A,0.6964331103308734,0.20696197563445992,15,12,2faea98a-edf7-4e92-bfb7-f91a36259872,Primary Tumor,TCGA-PAAD,f624a728-7487-4621-8453-ee758398b506
TCGA-IB-7652-01A,0.3217730847845074,1.204112002594318,15,12,178e68c0-4cb8-4042-a942-5a159ec1e12b,Primary Tumor,TCGA-PAAD,c4b1a406-6c19-4199-8cfc-076f6d785d3f
TCGA-3A-A9I9-01A,-0.2850812171208689,-0.3639786340728796,15,12,396ff766-a383-4f42-bce3-f2f32b7f1151,Primary Tumor,TCGA-PAAD,f8ed2164-dbe4-4eb7-a7c6-c123e911e50a
TCGA-F2-A44G-01A,-0.26108437552012653,-0.10993201416504571,15,12,20094e3e-cee3-41dd-8553-1fc393117786,Primary Tumor,TCGA-PAAD,580badbf-e323-43fc-b783-e89b52302d3b
TCGA-2J-AABT-01A,-0.47338442382802204,-0.18107479151317096,15,12,3f9cc59e-9f7d-40d1-9365-28b40dff3c59,Primary Tumor,TCGA-PAAD,688a1e70-9164-4ec3-abd6-6cb366d87f72
TCGA-LB-A9Q5-01A,-0.7388264124467787,-0.3724502942622388,15,12,31c23e65-1f18-4f59-8a54-31febedef8a2,Primary Tumor,TCGA-PAAD,50db8a7b-1d89-4c9a-a285-5de3c2bae5cf
TCGA-IB-AAUR-01A,0.8278393218305634,0.8489805682445661,15,12,6788e0e5-b67f-4fe6-aabb-6d0430ae2d06,Primary Tumor,TCGA-PAAD,6bda9845-af73-46b2-88fc-c02aadc99ee9
TCGA-HZ-8001-01A,0.7796606554057338,0.8590319483005421,15,12,55cee1dd-15a0-4717-a281-63e08e2cfdf9,Primary Tumor,TCGA-PAAD,2542cead-e252-4c01-bd34-8cf170d49f4f
TCGA-HZ-A49G-01A,0.24171689390163198,0.36673167966564885,15,12,47cb93bc-8f6b-4b2a-804c-bb4fc78df9e1,Primary Tumor,TCGA-PAAD,89ba298b-7453-494f-a80f-3cb8b8bbfdd0
TCGA-HZ-8003-01A,0.6878873265379163,0.39579575975073894,15,12,68c0bc1b-3195-4ed6-8345-3ca53dfc54fc,Primary Tumor,TCGA-PAAD,c0da3ec8-9575-4b2b-b6ef-e0b2c7670e91
TCGA-IB-AAUT-01A,0.528910870865702,0.29024449876051334,15,12,88eaebfc-d740-4cdc-88f5-df5e08633e2d,Primary Tumor,TCGA-PAAD,588c9433-14c3-461e-8c00-013abd90eb1c
TCGA-HZ-7922-01A,0.11644698056074024,0.5489554101137376,15,12,6f777943-ffcb-46d9-872d-514559dee00d,Primary Tumor,TCGA-PAAD,b68f005a-2bca-4dee-a767-01113e5e7a5a
TCGA-3A-A9J0-01A,-0.20173677555097755,0.16268715400918957,15,12,a308a5ee-8ea1-47ee-823d-14736d74a925,Primary Tumor,TCGA-PAAD,7e1b5fe0-34c4-4144-9964-0f16e904dad0
TCGA-YB-A89D-01A,-0.24366348597294182,0.5652743009535526,15,12,b84b58c7-95b8-4162-8e61-414f8fe422c6,Primary Tumor,TCGA-PAAD,df5a3f1d-5206-4318-a62b-39f221a4cd08
TCGA-IB-7649-01A,0.008651292107102252,-0.298162111677367,15,12,ec9ac713-08e9-4559-b606-5f58d2c4df50,Primary Tumor,TCGA-PAAD,c0ed500e-e4cb-424e-bcd2-ca7c62f0f014
TCGA-HZ-A77Q-01A,0.23038791169288686,0.6593330223362758,15,12,ce9e0431-19a1-4ea9-85b0-44a9e9792e03,Primary Tumor,TCGA-PAAD,789ebf62-b31b-4ee1-86d5-b33b07d8bb33
TCGA-HZ-A77O-01A,0.07318499394214918,-0.020683253164458053,15,12,fe01a390-f45e-4352-a253-af8ef7ee9628,Primary Tumor,TCGA-PAAD,1a5d463c-ace6-4ab6-83f4-407cb2d97db7
TCGA-YY-A8LH-01A,-0.06019012876837858,-0.773203917435033,15,12,ede2e8a7-465e-4725-880d-519899aba0c0,Primary Tumor,TCGA-PAAD,fcebcf5a-84d3-4a49-bf88-2ad17bbebbd6
TCGA-3A-A9IV-01A,-1.902695503672194,-0.7785457106793706,15,12,1c2341f3-558b-4555-90ff-c7a23ef85c0b,Primary Tumor,TCGA-PAAD,fc97efd2-4c4e-42c1-ad65-256d40b6d3c7
TCGA-3A-A9IR-01A,-1.0801078902991983,-1.3303637677863613,15,12,5898434d-cfa3-4515-a0c0-810d7e515120,Primary Tumor,TCGA-PAAD,9b95c108-d893-4023-abd1-3f714f08b2a4
TCGA-HZ-8638-01A,1.693133682823325,0.22408046234489298,15,12,5f9a5aba-8db8-45cc-8784-c5058445bd6f,Primary Tumor,TCGA-PAAD,1b31e73d-5229-4a65-b629-1371f8aa8b62
TCGA-H8-A6C1-01A,-0.19774139965516152,-0.1663937751549726,15,12,3e09fd70-6464-42f6-96a6-b51d7c298fc5,Primary Tumor,TCGA-PAAD,7ed77068-1209-4a88-8896-201a5fca9cfa
TCGA-FB-AAPP-01A,-1.7982353596189908,-2.725566152454929,15,12,1422bc35-4597-4e76-aa75-8e79613e67d5,Primary Tumor,TCGA-PAAD,2b89b4e4-a150-44cb-b533-4d55272841d6
TCGA-3A-A9IL-01A,-1.089078810261641,-0.7474236351671686,15,12,24a40289-96fd-4c1a-a953-45a46a0a0e9d,Primary Tumor,TCGA-PAAD,1b055aea-842c-4e66-8c0b-0fdbf707809b
TCGA-3A-A9IN-01A,-0.82230325815548,-0.3877897135685359,15,12,dd5074b2-462d-4267-8b9b-5a4c54e5978c,Primary Tumor,TCGA-PAAD,024ade99-be76-426d-b392-bdd488eed535
TCGA-F2-6880-01A,-2.0542757513353855,-2.04109706600953,15,12,c60a4c63-607b-4d59-8625-bc5d20207647,Primary Tumor,TCGA-PAAD,59c11d1d-90c4-4857-91e3-bc12183c6282
TCGA-3A-A9IJ-01A,-1.8371140300728512,-1.5619334097567246,15,12,5f468c25-73c3-49d5-ba12-50653dfe2c41,Primary Tumor,TCGA-PAAD,a713387e-6f3f-4af2-8494-77355a54caa0
TCGA-FB-A7DR-01A,0.5190945813372398,0.41342282144312015,15,12,d47e214d-efbc-436d-b928-303d1f5135c4,Primary Tumor,TCGA-PAAD,932c9ad0-252c-4433-bd33-a79f942f1afb
TCGA-HZ-A8P1-01A,-1.031481309945817,-1.0201416949316298,15,12,b8e0f4fb-c916-43b8-afd2-8077a7e3aebc,Primary Tumor,TCGA-PAAD,ef502468-0656-4c82-ad4c-bbbba43986be
TCGA-3A-A9IS-01A,-1.7385673929631338,-1.615753331557306,15,12,cf825b86-7ec2-4e90-bcce-3b5637b90b70,Primary Tumor,TCGA-PAAD,86ed628c-fb1a-4505-b6e8-0cc72719840e
TCGA-HZ-8519-01A,1.1600565322863772,0.9876180803677742,15,12,70c2c861-01de-47bc-abfd-b7d14d68e1a1,Primary Tumor,TCGA-PAAD,08675d5b-7408-489c-8b5b-a37fe94d8c4d
TCGA-IB-A5ST-01A,0.46461887785502604,0.6527026527278182,15,12,6c0ea771-ea86-4db6-994a-2372b2b8f536,Primary Tumor,TCGA-PAAD,b4d49b83-cc71-4176-8dcd-3f7e74879e42
TCGA-IB-A7LX-01A,-0.07115691554369621,-0.21838456133830575,15,12,712c2f78-c736-42ce-b689-a954c5290987,Primary Tumor,TCGA-PAAD,0e23faa2-0df2-4140-aec5-ba8e840844ea
TCGA-2L-AAQE-01A,-0.23537039383233715,-0.4125247169909012,15,12,8e7d5615-5142-4d53-a460-2cafade1f690,Primary Tumor,TCGA-PAAD,30d82c00-417a-42b1-8b59-6815cce20578
TCGA-IB-A6UG-01A,-0.510083439341576,-0.26019031549383187,15,12,45e48080-0b27-45f4-8149-1ae7e36c6933,Primary Tumor,TCGA-PAAD,d8ee313b-643a-42fc-998f-95a7e27ee107
TCGA-HV-A5A3-01A,-1.4099664669500112,-0.753146370385724,15,12,d4f66f06-9289-45c1-b9eb-aaef991a4bb6,Primary Tumor,TCGA-PAAD,7e460f1a-71f3-4d86-a146-c2ee5704237b
TCGA-S4-A8RM-01A,-0.26340236771977676,-0.41802178831039494,15,12,c70621cc-c8e1-441d-93ec-bd6922cc7f61,Primary Tumor,TCGA-PAAD,9eaf1f4e-dd4e-4a8d-a5a2-c1763191faf5
TCGA-IB-7651-01A,2.046304493910293,0.6772596955956156,15,12,3559f697-8fec-4f36-962c-632272fe9c9c,Primary Tumor,TCGA-PAAD,40f2771e-e140-46ed-b472-91c0233e6528
TCGA-XD-AAUL-01A,-0.15777974377036053,0.2580726595845783,15,12,597a5a56-244b-4218-a55d-5d08217ea28c,Primary Tumor,TCGA-PAAD,35088c7e-99d5-46d4-a8df-ae85794c019b
TCGA-IB-8127-01A,1.121577996630762,0.9633663231866478,15,12,0b4443a0-087d-47e7-9e67-795eac6750c3,Primary Tumor,TCGA-PAAD,3f463d35-ef25-4e5f-9cea-81576d0fde07
TCGA-3A-A9IB-01A,-0.08622680515613253,0.9061206412375657,15,12,3cbf56e6-dccc-40fe-b06e-2621a2121e9d,Primary Tumor,TCGA-PAAD,1244d7e1-7a90-4a47-b92b-fd93edd8561f
TCGA-IB-7893-01A,0.018454512840752522,1.150090999477922,15,12,0944ce65-a89a-4916-b90a-f674b334281e,Primary Tumor,TCGA-PAAD,d73129d0-ec0b-46eb-817a-320040bc305d
TCGA-F2-A7TX-01A,1.7144809312644183,0.24218140979139938,15,12,1f5494c4-e26c-4512-96d9-30412b5b32ce,Primary Tumor,TCGA-PAAD,715a5638-c83d-4beb-9caf-f01047ec7a81
TCGA-HZ-A4BH-01A,0.9270827893127093,0.4887462838090491,15,12,2c636fb4-c341-4c55-b920-27bc2d40c815,Primary Tumor,TCGA-PAAD,439c7ab0-445d-42e7-8be5-144db4245626
TCGA-HZ-8002-01A,0.3443156099703292,0.8592416568343841,15,12,4b37b026-1d41-4bad-8996-7cb1f0e569af,Primary Tumor,TCGA-PAAD,0110e743-ac32-4b78-8eed-6e6cb8b75849
TCGA-IB-A6UF-01A,-0.6076506200037638,-0.1539360575270292,15,12,56a1b8ff-a71c-4e5f-9c3c-d8162ff896aa,Primary Tumor,TCGA-PAAD,9c7d0cbe-953d-4785-8f79-ae54edb3d7ea
TCGA-YH-A8SY-01A,-0.2071403035849027,0.37579095592499584,15,12,503d7e36-df78-428d-9971-09ff707645c2,Primary Tumor,TCGA-PAAD,cb6f2165-b246-40ec-a1f1-38ff514c5c35
TCGA-2J-AAB4-01A,0.9043045626614166,-0.0037601068033971167,15,12,33833131-1482-42d5-9cf5-01cade540234,Primary Tumor,TCGA-PAAD,127d29e6-393d-40c7-8c55-1ef072e3a525
TCGA-HV-A5A6-01A,-0.34593556361850386,-0.3147235534345019,15,12,40fc7973-91c4-4fa8-a105-7fc3d6f3817c,Primary Tumor,TCGA-PAAD,b9632740-926c-44ce-afc3-a312375440f2
TCGA-FB-AAQ3-01A,0.17794812219212808,-0.9062874064504065,15,12,5965cd7b-f384-4473-826a-8381e362d10e,Primary Tumor,TCGA-PAAD,eb9da5b9-3fec-473d-9cc3-01f8b897dfae
TCGA-FB-AAPU-01A,-0.45831168542996287,-0.9202203798040177,15,12,712335e1-f1e9-44b9-957c-497ea5e8fa2f,Primary Tumor,TCGA-PAAD,333abc63-0410-4b63-b64d-11ecb404305e
TCGA-2J-AAB1-01A,0.6856190793170384,-0.22818649004677857,15,12,75119d1a-93e5-4ae7-9d60-69ee929a0772,Primary Tumor,TCGA-PAAD,b64533e3-8dbd-4e50-8abe-a5cc52266897
TCGA-H6-8124-01A,-0.832311410123444,0.3076173292771018,15,12,7e4e5633-6f83-4b46-b6eb-64b3f2866ba3,Primary Tumor,TCGA-PAAD,e993fbaf-8900-4a7b-8f73-3b7df51ab80f
TCGA-XD-AAUG-01A,-0.7758872857026038,0.21631615004597715,15,12,f89d429f-4747-468b-b894-89583bd8ab02,Primary Tumor,TCGA-PAAD,958e63e3-9fe5-46a8-8844-e1e8f5b1eb79
TCGA-IB-AAUV-01A,0.35816486852635354,0.9163936355180199,15,12,6983fc34-9577-45e1-b246-40e18fab953f,Primary Tumor,TCGA-PAAD,3d21cf04-a049-44ce-b698-4c033cf1669c
TCGA-HZ-7289-01A,-0.5891072458802105,-1.5484937188727688,15,12,1521ac6d-31f7-4240-9d54-4f7600e78e16,Primary Tumor,TCGA-PAAD,9f65c99a-47f1-4f33-8a66-bd1fb638d953
TCGA-F2-7276-01A,0.7731885123465738,1.0282770276706978,15,12,e4babd46-005a-4af3-8041-131648d9c2c6,Primary Tumor,TCGA-PAAD,e927777e-e4e2-4dfe-af34-a0b0a6342e9a
TCGA-F2-7273-01A,0.9508128551779688,1.405787650391422,15,12,4c9e6085-41c3-4cfe-ad3d-5f94196a86e0,Primary Tumor,TCGA-PAAD,cd7165a4-fe2e-4730-abbd-060097120571
TCGA-RL-AAAS-01A,0.9157986320751687,0.3346529584587401,15,12,c53d66d9-ad9a-417e-a441-df5bcf1ae13f,Primary Tumor,TCGA-PAAD,f66069a4-d0b9-46af-9401-367c424ba19a
TCGA-HZ-8637-01A,2.5502844569513656,1.3158076300269548,15,12,459028fd-0cd8-4e6d-a668-71fd60bd0a37,Primary Tumor,TCGA-PAAD,e14ea4c0-3fe4-486c-8f9f-bad12964dbb6
TCGA-M8-A5N4-01A,0.4111155735396222,0.025120284534544967,15,12,f0a4944c-d6cf-4163-a1ab-189803464b03,Primary Tumor,TCGA-PAAD,e38615d5-18c8-4976-a333-b483bb5e01ac
TCGA-XD-AAUI-01A,-0.17008605487156903,0.0688002638926575,15,12,9a2db69e-d429-45d4-89ca-a2c4e0cfc116,Primary Tumor,TCGA-PAAD,75b208f8-8cf4-4857-a717-707a65111282
TCGA-2J-AABR-01A,0.27004915941928803,0.29886733324726844,15,12,507a4e05-d5ab-4dbb-9b4f-76b1a21b79dd,Primary Tumor,TCGA-PAAD,34fe7a7d-8120-4527-8d7f-d136f2bb010c
TCGA-IB-AAUW-01A,0.6040713196611066,0.3400329944981563,15,12,18960eb6-2d79-4d12-886a-4cd1e8fc1e21,Primary Tumor,TCGA-PAAD,ad163cf4-adf6-4b06-8350-0eaa2d670b39
TCGA-IB-7647-01A,0.7426261370275067,1.1726635130571195,15,12,d14154a5-9c8a-4c55-8c2d-64f3cad7b7d5,Primary Tumor,TCGA-PAAD,8e33355f-179c-4184-a333-ca1f70978744
TCGA-IB-A5SS-01A,0.3851237138354478,0.8060472914583517,15,12,31aca8a3-7107-4b9d-8b6a-c07caa2a9339,Primary Tumor,TCGA-PAAD,cdb957f0-34d9-4db5-81a4-fb8c07eebb6f
TCGA-2L-AAQM-01A,-1.2195257726063784,-0.807298835941679,15,12,7240d5da-b54e-436b-8069-f2c9f516b75e,Primary Tumor,TCGA-PAAD,8bff1374-4e7d-4229-afe3-94aaa2cea9e0
TCGA-IB-7885-01A,0.9148820781502451,1.0054096321497281,15,12,77e49007-3e44-4157-beae-8f7e94234c78,Primary Tumor,TCGA-PAAD,88b45a1d-4dd3-48cf-8615-76e5f9099a2c
TCGA-2L-AAQA-01A,-0.5457938187255976,0.019603090249582452,15,12,d8aa891c-8050-471e-ad3e-32b9c5e9db03,Primary Tumor,TCGA-PAAD,5efe330b-4d57-4b26-a732-7bcabab3b863
TCGA-3A-A9IZ-01A,-0.8302623113257379,-0.6042930757282969,15,12,517e0f20-56cc-470e-8c5f-543efa10cfb5,Primary Tumor,TCGA-PAAD,ca8190ae-3d6c-4550-a079-2c873f98f80a
TCGA-IB-7886-01A,0.9753992093922931,0.6993918909289213,15,12,f73dfd7f-e054-46ff-9485-e8d05afe2da6,Primary Tumor,TCGA-PAAD,3386c8d6-43ac-4149-ae83-d6f479bad39a
TCGA-HV-A5A4-01A,0.009424827235576633,-0.10389172555238817,15,12,3264459c-adeb-486e-ab8f-274574441593,Primary Tumor,TCGA-PAAD,e8bf1350-c26c-45ee-8026-ead112e146b7
TCGA-US-A774-01A,0.8385775699952553,0.6313604828778799,15,12,09fd6d9e-c715-4d57-88f9-238dd74c79a7,Primary Tumor,TCGA-PAAD,3d055cb9-0bad-46bf-8579-259aac4607a2
TCGA-IB-7897-01A,0.8030567769400238,1.0291559514198565,15,12,01775b06-5836-469c-8537-120cb8cc94e9,Primary Tumor,TCGA-PAAD,d192cdd3-1eef-4579-ab22-e11dd9b8030c
TCGA-IB-7644-01A,0.22134267283420364,0.19208065079942505,15,12,1782bf45-7350-4053-8dd1-45faf4ed8dd9,Primary Tumor,TCGA-PAAD,b1df6411-4c72-4e3f-bcdb-9b446386f4ed
TCGA-HZ-8315-01A,1.063819226306972,0.694080678541915,15,12,02dbd5fa-e31f-4486-8df8-5b851f2e92bd,Primary Tumor,TCGA-PAAD,9a48d83c-2674-48e6-a023-84170bf31145
TCGA-Q3-AA2A-01A,-0.8944062821821234,-0.564524941136196,15,12,23908554-b98e-4ff8-98e7-dee3e2c5feaf,Primary Tumor,TCGA-PAAD,b26890fb-cbd6-4dc0-8f3f-cca025a61225
TCGA-HZ-A49I-01A,0.13661887376570725,-0.024862375947942533,15,12,27286a38-1035-4a22-9ebc-874df8c49026,Primary Tumor,TCGA-PAAD,3946d6e3-4460-43f8-9c1b-defceee3fe4f
TCGA-2L-AAQL-01A,0.014324197306870623,-0.48163028311228534,15,12,1db061c0-9b28-4bf9-8ad2-0383c69b6800,Primary Tumor,TCGA-PAAD,e377175c-5a94-4600-860f-e2e31fc960f5
TCGA-HZ-A49H-01A,0.4619642612578761,0.16812138410784438,15,12,17142718-742e-464a-8e0f-a6b9ac8fad75,Primary Tumor,TCGA-PAAD,9e839f31-9cfb-42b7-a279-32ea4445903b
TCGA-IB-A5SQ-01A,0.07699216237374223,0.5644108085462912,15,12,4f87e061-e773-48f2-84ba-32401396500e,Primary Tumor,TCGA-PAAD,541ae33d-b504-4c86-8758-20087845a579
TCGA-F2-A8YN-01A,-0.5504251304753359,0.010994767348819268,15,12,5dbb4642-6636-4d67-9e73-25c7312aec44,Primary Tumor,TCGA-PAAD,35e2ac4f-1f27-4c48-9a15-9bb66a81b6ac
TCGA-HZ-A4BK-01A,0.49579472137899716,0.198271724424409,15,12,514d12b0-6f60-406e-bde9-a090e918ebff,Primary Tumor,TCGA-PAAD,6ba6db00-39b0-4627-b5de-4438f75c5cf2
TCGA-3A-A9IC-01A,-0.08991233324428734,0.4734848912209398,15,12,67e9abc1-4b6f-4054-bdc4-29906c55c682,Primary Tumor,TCGA-PAAD,74ee5cc4-2195-4d17-ae08-837b837373fd
TCGA-US-A77E-01A,0.04949416310727821,-0.0495322189023284,15,12,5aa57fff-4515-4076-8798-55015bb4f156,Primary Tumor,TCGA-PAAD,4be7003d-17f1-4c16-a8ef-d93a447f5a1d
TCGA-H6-A45N-01A,-0.23027168104639867,-0.17385016822121857,15,12,758b70f6-8064-4f43-aabe-e5f968fe2955,Primary Tumor,TCGA-PAAD,5cf04570-9415-4187-b8fc-4d0452c4d363
TCGA-IB-7645-01A,0.7011730866114598,1.0165014270779364,15,12,7a1d9862-910b-403e-9eab-697dc65618c7,Primary Tumor,TCGA-PAAD,818a7d3a-8c14-4fd6-83f1-000cca2be04b
TCGA-2J-AAB9-01A,-0.9931626122387286,-0.6029791452769254,15,12,a5748656-5330-417a-8938-01f69ddb3576,Primary Tumor,TCGA-PAAD,4d5b1ac7-1ed8-4ea7-bbaf-a83d1c5cddf3
TCGA-FB-A4P6-01A,-0.4654758037025772,-0.17714063686310552,15,12,9246c642-3231-4137-a24b-3efae151b655,Primary Tumor,TCGA-PAAD,2ef39ad3-7a20-43f7-8dc2-6997a89d3077
TCGA-RB-AA9M-01A,-0.031034376118224884,0.12050574690220256,15,12,9d5c5303-550f-454f-8fd4-8abcdd311215,Primary Tumor,TCGA-PAAD,90321946-18e9-4ebb-9412-2b7b4bb7b1e4
TCGA-3E-AAAY-01A,0.5925712025589979,0.3281624733072411,15,12,a643d0b8-aa50-481c-9f12-f2e634d61d90,Primary Tumor,TCGA-PAAD,c5f8609e-0a71-47ae-a0b3-1f84ebe797d4
TCGA-IB-7646-01A,1.0373041529341622,0.5321850917971921,15,12,d1e0f479-77dd-42cd-89cb-c1eeac60c10a,Primary Tumor,TCGA-PAAD,124ae6a1-e656-4f54-84b2-0df788351384
TCGA-US-A776-01A,-0.4650950966271719,-1.620652727409596,15,12,d211e0c1-7968-4343-8aae-27fab0039367,Primary Tumor,TCGA-PAAD,e3fd8f04-ba59-498c-9b58-dd8f5f96b0fd
TCGA-2J-AABH-01A,-0.26974556262401295,-0.05136655407231732,15,12,c53328b4-0930-4e6a-a648-283b5565295e,Primary Tumor,TCGA-PAAD,c7be34ee-0d68-47fa-bea9-601cc5da20cb
TCGA-L1-A7W4-01A,-0.9470237044814269,0.02156069949850616,15,12,ab449860-46e5-485e-abd5-31c5abef2c58,Primary Tumor,TCGA-PAAD,d2e361de-6670-428b-ae73-7b2ea49e743a
TCGA-XN-A8T3-01A,0.18842572277037237,0.33610552325369597,15,12,dd7bcdd8-1660-4dab-9860-9d136c4cee77,Primary Tumor,TCGA-PAAD,89ddb133-8f62-4be4-8569-bf184c94652d
TCGA-IB-7891-01A,0.8896782794434702,0.614517956231441,15,12,ca2da39a-263c-4238-9826-de7d52e63d0f,Primary Tumor,TCGA-PAAD,7ba9b358-398f-4bdc-9835-7ad743aaff69
TCGA-HZ-7925-01A,0.3694052332762788,1.3106493671444468,15,12,f91eb33d-76f0-418c-9962-11a5b31ca1dc,Primary Tumor,TCGA-PAAD,739472cc-a30d-4e46-93cc-5ae08eb39f0a
TCGA-S4-A8RP-01A,0.2604093120983647,0.00817331200498376,15,12,ce2bfd9e-6382-47bb-9fd1-b77afe57e948,Primary Tumor,TCGA-PAAD,425613bb-a981-4984-95d5-50839b89a04e
TCGA-2J-AABU-01A,-1.1949489696865354,-0.9492396374329294,15,12,0b4b50c7-aa0b-4a64-807b-d3cb47eeeb6f,Primary Tumor,TCGA-PAAD,aecb9796-a4fe-4b4d-99b2-0b661d8a3887
TCGA-Q3-A5QY-01A,0.7793587683061387,0.42672806567925664,15,12,1756244e-13bc-4ed7-8b91-005608803d91,Primary Tumor,TCGA-PAAD,b8802db6-a0c5-4d4e-842e-22a91f36974b
TCGA-IB-7889-01A,0.7429521731181232,0.09995379936383882,15,12,31e66b80-c684-4ee8-82ae-36d00f36bc88,Primary Tumor,TCGA-PAAD,284c58ee-b128-4d55-911c-1207d003ce52
TCGA-FB-A5VM-01A,0.37506404934889664,-0.05758980503250499,15,12,40d9b9f7-42b7-4cfd-af95-660777ad0529,Primary Tumor,TCGA-PAAD,3e88a838-0909-4b94-8747-9003414d422d
TCGA-F2-A44H-01A,-1.400164573500383,-0.341004475458993,15,12,570f9947-1ce5-49c7-9619-49439df6c7a9,Primary Tumor,TCGA-PAAD,d36a090d-0b64-459a-931b-b743095fb96c
TCGA-IB-7890-01A,-1.1374511976274124,0.5812078718040818,15,12,5494af7d-403a-423b-b7ff-e6db9c117e93,Primary Tumor,TCGA-PAAD,188fd6b9-4291-47c9-bb04-e9e67d4b0465
TCGA-HZ-A77P-01A,0.15208504548675056,0.3778451693040434,15,12,5971a597-1e16-4f6d-8d7b-0e69c6bdcead,Primary Tumor,TCGA-PAAD,df863996-d40d-43e3-84f0-938ca2a78fe9
TCGA-FB-AAQ0-01A,-1.031122351947092,-1.2312333094341634,15,12,81b6b844-d760-4146-9b01-1c4b2596eb77,Primary Tumor,TCGA-PAAD,df0db454-9793-42df-aeb3-23ca4a105ccb
TCGA-Z5-AAPL-01A,1.2533851868759518,0.03859843469793606,15,12,6a4e10b6-e6c4-4210-ae4d-0d8e8d0cb3ec,Primary Tumor,TCGA-PAAD,60a6a0c1-f871-43b7-94ae-668dfb7035f7
TCGA-2J-AAB6-01A,-0.41703400165683946,0.06500631464941088,15,12,70797499-16e6-48cc-8ae4-1e692713dad3,Primary Tumor,TCGA-PAAD,75bca18c-55fd-4c78-bcac-543d64d55c28
TCGA-LB-A8F3-01A,-0.43956336986333966,-0.49617861279859227,15,12,f852de27-b600-44a4-ab30-d74108dfc2e9,Primary Tumor,TCGA-PAAD,a566d8ee-aed0-44c2-8409-38e03bd8e545
TCGA-IB-A5SO-01A,0.7294494208600579,0.6725817132883906,15,12,c6388925-c0a1-4610-a6b9-d9d9500d88c6,Primary Tumor,TCGA-PAAD,330772f0-6c6f-45b6-8b22-342325fbad53
