gene_symbol,TCGA-IB-7888-01A,TCGA-FB-A78T-01A,TCGA-2J-AABI-01A,TCGA-HZ-7918-01A,TCGA-2J-AABO-01A,TCGA-IB-AAUN-01A,TCGA-HZ-7924-01A,TCGA-3A-A9I7-01A,TCGA-FB-AAPY-01A,TCGA-RB-A7B8-01A,TCGA-FB-A545-01A,TCGA-2J-AABK-01A,TCGA-FB-AAQ6-01A,TCGA-PZ-A5RE-01A,TCGA-US-A779-01A,TCGA-IB-AAUM-01A,TCGA-IB-A7M4-01A,TCGA-3A-A9IU-01A,TCGA-2J-AABV-01A,TCGA-HV-AA8X-01A,TCGA-US-A77G-01A,TCGA-IB-AAUU-01A,TCGA-2J-AABE-01A,TCGA-HZ-8636-01A,TCGA-HV-AA8V-01A,TCGA-HV-A5A5-01A,TCGA-XN-A8T5-01A,TCGA-HZ-7926-01A,TCGA-3A-A9IH-01A,TCGA-2J-AAB8-01A,TCGA-HZ-8005-01A,TCGA-IB-8126-01A,TCGA-LB-A7SX-01A,TCGA-IB-AAUS-01A,TCGA-OE-A75W-01A,TCGA-HV-A7OP-01A,TCGA-2J-AABF-01A,TCGA-HZ-A9TJ-01A,TCGA-2L-AAQI-01A,TCGA-XD-AAUH-01A,TCGA-IB-7887-01A,TCGA-FB-AAPZ-01A,TCGA-FB-AAQ1-01A,TCGA-FB-AAQ2-01A,TCGA-HZ-A8P0-01A,TCGA-F2-6879-01A,TCGA-3A-A9I5-01A,TCGA-3E-AAAZ-01A,TCGA-IB-A5SP-01A,TCGA-3A-A9IX-01A,TCGA-HZ-8317-01A,TCGA-FB-A4P5-01A,TCGA-2L-AAQJ-01A,TCGA-FB-AAPQ-01A,TCGA-US-A77J-01A,TCGA-HZ-7923-01A,TCGA-IB-7654-01A,TCGA-HZ-7920-01A,TCGA-HV-A7OL-01A,TCGA-IB-AAUP-01A,TCGA-FB-AAPS-01A,TCGA-IB-AAUO-01A,TCGA-2J-AABP-01A,TCGA-3A-A9IO-01A,TCGA-S4-A8RO-01A,TCGA-2J-AABA-01A,TCGA-IB-AAUQ-01A,TCGA-HZ-7919-01A,TCGA-IB-7652-01A,TCGA-3A-A9I9-01A,TCGA-F2-A44G-01A,TCGA-2J-AABT-01A,TCGA-LB-A9Q5-01A,TCGA-IB-AAUR-01A,TCGA-HZ-8001-01A,TCGA-HZ-A49G-01A,TCGA-HZ-8003-01A,TCGA-IB-AAUT-01A,TCGA-HZ-7922-01A,TCGA-3A-A9J0-01A,TCGA-YB-A89D-01A,TCGA-IB-7649-01A,TCGA-HZ-A77Q-01A,TCGA-HZ-A77O-01A,TCGA-YY-A8LH-01A,TCGA-3A-A9IV-01A,TCGA-3A-A9IR-01A,TCGA-HZ-8638-01A,TCGA-H8-A6C1-01A,TCGA-FB-AAPP-01A,TCGA-3A-A9IL-01A,TCGA-3A-A9IN-01A,TCGA-F2-6880-01A,TCGA-3A-A9IJ-01A,TCGA-FB-A7DR-01A,TCGA-HZ-A8P1-01A,TCGA-3A-A9IS-01A,TCGA-HZ-8519-01A,TCGA-IB-A5ST-01A,TCGA-IB-A7LX-01A,TCGA-2L-AAQE-01A,TCGA-IB-A6UG-01A,TCGA-HV-A5A3-01A,TCGA-S4-A8RM-01A,TCGA-IB-7651-01A,TCGA-XD-AAUL-01A,TCGA-IB-8127-01A,TCGA-3A-A9IB-01A,TCGA-IB-7893-01A,TCGA-F2-A7TX-01A,TCGA-HZ-A4BH-01A,TCGA-HZ-8002-01A,TCGA-IB-A6UF-01A,TCGA-YH-A8SY-01A,TCGA-2J-AAB4-01A,TCGA-HV-A5A6-01A,TCGA-FB-AAQ3-01A,TCGA-FB-AAPU-01A,TCGA-2J-AAB1-01A,TCGA-H6-8124-01A,TCGA-XD-AAUG-01A,TCGA-IB-AAUV-01A,TCGA-HZ-7289-01A,TCGA-F2-7276-01A,TCGA-F2-7273-01A,TCGA-RL-AAAS-01A,TCGA-HZ-8637-01A,TCGA-M8-A5N4-01A,TCGA-XD-AAUI-01A,TCGA-2J-AABR-01A,TCGA-IB-AAUW-01A,TCGA-IB-7647-01A,TCGA-IB-A5SS-01A,TCGA-2L-AAQM-01A,TCGA-IB-7885-01A,TCGA-2L-AAQA-01A,TCGA-3A-A9IZ-01A,TCGA-IB-7886-01A,TCGA-HV-A5A4-01A,TCGA-US-A774-01A,TCGA-IB-7897-01A,TCGA-IB-7644-01A,TCGA-HZ-8315-01A,TCGA-Q3-AA2A-01A,TCGA-HZ-A49I-01A,TCGA-2L-AAQL-01A,TCGA-HZ-A49H-01A,TCGA-IB-A5SQ-01A,TCGA-F2-A8YN-01A,TCGA-HZ-A4BK-01A,TCGA-3A-A9IC-01A,TCGA-US-A77E-01A,TCGA-H6-A45N-01A,TCGA-IB-7645-01A,TCGA-2J-AAB9-01A,TCGA-FB-A4P6-01A,TCGA-RB-AA9M-01A,TCGA-3E-AAAY-01A,TCGA-IB-7646-01A,TCGA-US-A776-01A,TCGA-2J-AABH-01A,TCGA-L1-A7W4-01A,TCGA-XN-A8T3-01A,TCGA-IB-7891-01A,TCGA-HZ-7925-01A,TCGA-S4-A8RP-01A,TCGA-2J-AABU-01A,TCGA-Q3-A5QY-01A,TCGA-IB-7889-01A,TCGA-FB-A5VM-01A,TCGA-F2-A44H-01A,TCGA-IB-7890-01A,TCGA-HZ-A77P-01A,TCGA-FB-AAQ0-01A,TCGA-Z5-AAPL-01A,TCGA-2J-AAB6-01A,TCGA-LB-A8F3-01A,TCGA-IB-A5SO-01A
CD8A,9.447083226209653,8.335390354693924,7.562242424221073,11.092096414990792,7.882643049361842,8.483815777264256,9.550746785383243,9.605479518061669,9.436711542137214,8.829722735086058,5.169925001442312,8.997179480937621,5.700439718141092,7.22881869049588,6.066089190457772,8.867278739709661,9.50382573799575,7.539158811108031,7.2761244052742375,6.303780748177103,6.807354922057604,7.562242424221073,6.3750394313469245,8.271463027904375,8.154818109052105,7.392317422778761,10.293471648838134,10.428360172704291,7.426264754702098,7.3750394313469245,8.280770770130603,10.543998450134541,8.330916878114618,10.41679752760606,9.240791332161956,5.459431618637297,9.878050912728536,6.672425341971495,8.169925001442312,10.302638923787553,10.125413470483315,9.095397022792557,7.6865005271832185,7.584962500721156,7.614709844115208,8.303780748177102,6.754887502163468,8.199672344836364,6.882643049361842,10.559377090526683,7.321928094887363,10.97656412341533,8.228818690495881,6.0,9.861086905995395,11.146568675740786,8.233619676759702,11.276706019892432,8.426264754702098,10.390168956200183,9.333155350310616,8.321928094887362,10.041659151637214,6.794415866350106,7.6293566200796095,8.643856189774725,7.584962500721156,9.702172685365548,8.379378367071261,8.614709844115207,6.845490050944375,8.531381460516313,7.882643049361842,11.616089313582115,10.366322214245816,9.642051692927977,9.862637357558794,10.502831804066744,8.60733031374961,7.3750394313469245,8.071462362556623,9.350939181546432,9.727920454563199,7.3750394313469245,7.9886846867721655,4.643856189774724,7.199672344836364,10.599912842187127,7.924812503605781,3.807354922057604,7.339850002884624,8.022367813028454,6.672425341971495,7.451211111832329,8.832890014164741,6.906890595608519,5.78135971352466,11.533816389433365,9.727920454563199,8.430452551665532,8.927777962082342,8.51175265376738,5.643856189774724,9.719388820942083,11.117643101389092,7.636624620543649,10.874981347653774,7.531381460516312,7.6653359171851765,10.818582177480858,9.396604781181859,10.63753055152531,6.906890595608519,6.321928094887363,9.330916878114618,6.339850002884624,7.94251450533924,7.888743248898259,9.174925682500678,6.794415866350106,8.584962500721156,11.129926933510394,5.954196310386875,10.266786540694902,11.186114239541643,10.787086324551616,11.504818987632841,7.622051819456376,8.118941072723507,10.28886607416582,10.41679752760606,10.20945336562895,8.092757140919852,6.768184324776926,9.658211482751796,7.2761244052742375,5.523561956057013,9.459431618637296,7.9886846867721655,9.442943495848729,11.234817431117325,8.957102041562287,9.978710459106358,6.044394119358453,8.31741261376487,8.060695931687555,10.06339508128851,8.870364719583405,6.672425341971495,9.992938336165814,7.643856189774724,7.312882955284356,9.124121311829187,11.056637715113201,8.098032082960527,9.537218400538595,8.774787059601174,9.618385502258606,8.734709620225837,6.108524456778169,7.321928094887363,7.257387842692652,9.719388820942083,10.130570562805426,8.370687406807217,9.164906926675688,7.714245517666122,10.854089179870574,10.109830654278793,9.214319120800766,6.569855608330948,6.845490050944375,9.554588851677638,5.392317422778761,11.37775279502222,6.426264754702098,6.20945336562895,9.994353436858859
CD8B,7.392317422778761,6.3750394313469245,5.754887502163468,8.710806433699352,6.189824558880018,6.339850002884624,7.60733031374961,7.813781191217037,7.400879436282184,6.539158811108031,2.321928094887362,6.475733430966398,3.0,6.247927513443585,4.954196310386875,7.066089190457772,7.971543553950772,5.129283016944966,5.954196310386875,4.0,4.857980995127572,6.491853096329675,4.584962500721156,6.426264754702098,6.0,5.754887502163468,8.375039431346925,7.888743248898259,5.426264754702098,4.807354922057604,5.491853096329675,8.20945336562895,7.820178962415188,8.422064766172813,8.005624549193879,4.087462841250339,7.98299357469431,6.044394119358453,7.1799090900149345,7.826548487290915,7.614709844115208,6.3750394313469245,5.954196310386875,5.754887502163468,4.954196310386875,5.614709844115208,4.459431618637297,6.0,5.169925001442312,8.219168520462162,5.0,8.906890595608518,6.247927513443585,3.169925001442312,8.224001674198105,9.453270634010623,6.584962500721156,8.823367240046235,7.0,8.366322214245816,7.348728154231077,6.20945336562895,8.022367813028454,4.087462841250339,5.727920454563199,6.189824558880018,4.857980995127572,6.169925001442312,5.614709844115208,6.832890014164741,5.129283016944966,6.087462841250339,5.832890014164741,8.741466986401146,8.873444112515376,7.483815777264256,7.965784284662087,7.857980995127572,8.640244936222345,6.3750394313469245,5.357552004618084,7.339850002884624,7.554588851677638,5.285402218862249,5.727920454563199,2.0,6.409390936137702,7.577428828035749,6.108524456778169,1.0,3.700439718141092,5.285402218862249,4.754887502163468,3.321928094887362,6.507794640198696,4.807354922057604,2.807354922057604,9.445014845868423,7.912889336229962,6.129283016944966,7.523561956057013,6.20945336562895,3.584962500721156,6.954196310386875,8.879583249612784,5.357552004618084,8.426264754702098,5.882643049361842,6.906890595608519,8.08214904135387,7.098032082960526,8.531381460516313,5.044394119358453,4.321928094887363,7.400879436282184,8.066089190457772,6.339850002884624,5.426264754702098,6.870364719583405,8.459431618637296,6.169925001442312,8.72451385311995,4.700439718141092,8.43879185257826,8.67595703294175,8.73809225962049,9.3151495622563,5.285402218862249,6.794415866350106,7.614709844115208,8.243173983472952,8.614709844115207,7.599912842187128,4.523561956057013,7.60733031374961,5.087462841250339,4.321928094887363,7.139551352398794,5.523561956057013,7.569855608330948,9.174925682500678,6.882643049361842,7.918863237274595,4.584962500721156,5.906890595608519,6.554588851677638,7.599912842187128,6.820178962415188,4.954196310386875,7.813781191217037,4.857980995127572,4.954196310386875,6.832890014164741,8.543031820255237,5.930737337562887,7.734709620225838,6.965784284662087,7.434628227636725,5.727920454563199,4.643856189774724,4.906890595608519,3.9068905956085187,7.199672344836364,7.965784284662087,5.857980995127572,6.339850002884624,5.857980995127572,8.918863237274595,8.066089190457772,8.417852514885897,4.0,3.4594316186372973,7.247927513443585,2.807354922057604,9.581200581924957,4.459431618637297,4.247927513443585,7.94251450533924
IFNG,3.584962500721156,1.584962500721156,3.321928094887362,5.554588851677638,1.0,3.4594316186372973,2.321928094887362,3.169925001442312,2.0,2.807354922057604,0.0,3.9068905956085187,0.0,1.0,0.0,2.807354922057604,2.321928094887362,2.0,0.0,1.584962500721156,0.0,1.584962500721156,0.0,3.700439718141092,1.0,2.807354922057604,3.4594316186372973,1.0,1.584962500721156,2.0,4.857980995127572,4.523561956057013,2.321928094887362,2.584962500721156,4.459431618637297,2.0,3.4594316186372973,1.584962500721156,0.0,1.0,3.584962500721156,2.584962500721156,1.584962500721156,1.0,0.0,3.584962500721156,0.0,0.0,1.584962500721156,1.584962500721156,0.0,3.169925001442312,3.0,3.0,2.0,4.169925001442312,2.321928094887362,3.0,4.087462841250339,4.700439718141092,2.0,4.169925001442312,4.321928094887363,1.584962500721156,0.0,1.0,1.0,4.087462841250339,1.0,2.321928094887362,1.584962500721156,1.0,2.321928094887362,3.169925001442312,4.906890595608519,3.321928094887362,4.459431618637297,2.807354922057604,2.321928094887362,2.0,1.0,2.0,2.0,2.0,0.0,0.0,1.0,6.426264754702098,1.0,0.0,0.0,2.321928094887362,1.0,0.0,2.807354922057604,0.0,1.0,3.9068905956085187,1.0,3.169925001442312,2.321928094887362,0.0,0.0,1.584962500721156,5.954196310386875,2.0,3.9068905956085187,1.584962500721156,2.0,5.672425341971495,4.392317422778761,2.321928094887362,1.0,1.584962500721156,2.321928094887362,1.0,2.584962500721156,2.0,2.807354922057604,1.584962500721156,2.321928094887362,4.169925001442312,1.0,3.0,2.584962500721156,4.087462841250339,8.060695931687555,2.807354922057604,2.321928094887362,2.584962500721156,3.0,2.584962500721156,1.584962500721156,2.584962500721156,3.584962500721156,2.321928094887362,2.321928094887362,5.0,2.807354922057604,3.584962500721156,3.4594316186372973,2.321928094887362,5.754887502163468,0.0,2.0,2.807354922057604,1.0,2.321928094887362,0.0,3.169925001442312,2.584962500721156,1.0,1.584962500721156,3.169925001442312,2.0,0.0,2.0,3.0,4.459431618637297,1.0,1.584962500721156,2.584962500721156,2.807354922057604,3.0,2.584962500721156,4.392317422778761,0.0,3.9068905956085187,4.392317422778761,2.584962500721156,1.584962500721156,1.0,2.321928094887362,0.0,5.129283016944966,1.584962500721156,0.0,3.321928094887362
GZMB,7.960001932068081,7.011227255423254,8.50382573799575,9.231221180711186,5.832890014164741,8.45532722030456,7.7073591320808825,6.357552004618084,6.475733430966398,6.882643049361842,5.0,6.754887502163468,4.321928094887363,5.906890595608519,4.459431618637297,6.9886846867721655,6.672425341971495,6.303780748177103,5.643856189774724,4.906890595608519,4.247927513443585,5.087462841250339,3.321928094887362,6.22881869049588,6.714245517666122,6.0,7.546894459887636,8.344295907915816,6.087462841250339,4.807354922057604,8.679480099505446,7.658211482751795,6.426264754702098,9.375039431346925,8.79766152585376,6.266786540694901,8.308339030139408,5.832890014164741,5.906890595608519,7.044394119358453,8.103287808412022,6.672425341971495,5.459431618637297,5.392317422778761,6.044394119358453,6.94251450533924,5.169925001442312,6.0,5.554588851677638,6.321928094887363,7.169925001442312,6.820178962415188,5.906890595608519,4.321928094887363,7.118941072723508,8.491853096329674,6.285402218862249,9.250298417906333,7.577428828035749,8.29920801838728,6.714245517666122,8.879583249612784,9.43879185257826,4.754887502163468,5.491853096329675,5.554588851677638,6.554588851677638,8.113742166049189,6.20945336562895,6.0,5.857980995127572,6.643856189774724,5.882643049361842,9.344295907915816,8.761551232444479,6.087462841250339,8.098032082960527,7.139551352398794,7.03342300153745,6.820178962415188,5.584962500721156,7.266786540694901,8.588714635582264,7.044394119358453,6.930737337562887,3.4594316186372973,4.087462841250339,9.59245703726808,5.882643049361842,4.0,5.285402218862249,4.584962500721156,3.9068905956085187,3.4594316186372973,8.066089190457772,4.321928094887363,4.906890595608519,7.754887502163468,7.741466986401147,5.930737337562887,6.129283016944966,6.965784284662087,4.247927513443585,6.539158811108031,10.474719946526482,6.20945336562895,7.129283016944966,5.727920454563199,6.672425341971495,9.85642552862553,7.475733430966398,7.339850002884624,5.78135971352466,6.247927513443585,7.7073591320808825,5.977279923499917,6.523561956057013,4.643856189774724,7.888743248898259,5.459431618637297,5.643856189774724,7.400879436282184,6.189824558880018,7.022367813028454,7.523561956057013,8.108524456778168,11.11504365016171,7.60733031374961,5.977279923499917,8.129283016944967,7.6293566200796095,7.700439718141092,7.330916878114617,7.149747119504682,7.794415866350106,5.930737337562887,6.741466986401147,8.727920454563199,6.357552004618084,7.977279923499917,8.939579214314692,6.087462841250339,8.491853096329674,5.614709844115208,6.918863237274595,6.6865005271832185,8.92184093707449,6.066089190457772,5.459431618637297,7.011227255423254,6.672425341971495,4.807354922057604,6.189824558880018,7.794415866350106,6.189824558880018,4.857980995127572,5.930737337562887,6.906890595608519,9.074141462752506,5.491853096329675,5.321928094887363,5.285402218862249,6.6293566200796095,8.357552004618084,6.78135971352466,6.507794640198696,6.108524456778169,9.881113960675096,7.546894459887636,8.379378367071261,3.9068905956085187,4.954196310386875,7.129283016944966,4.754887502163468,10.18239435340453,5.20945336562895,5.614709844115208,6.832890014164741
PRF1,8.906890595608518,7.839203788096944,8.57742882803575,9.914385132155443,6.442943495848728,8.199672344836364,9.581200581924957,8.813781191217037,8.731319031025064,8.451211111832329,6.672425341971495,7.483815777264256,6.523561956057013,8.581200581924957,5.523561956057013,8.519636252843213,8.491853096329674,7.442943495848728,7.03342300153745,6.442943495848728,6.882643049361842,7.434628227636725,6.965784284662087,8.965784284662087,9.038918989292302,7.918863237274595,9.199672344836364,9.12670447284319,7.3750394313469245,7.011227255423254,9.45532722030456,9.72451385311995,8.118941072723507,10.319672120946995,8.980139577639157,5.977279923499917,8.59245703726808,6.129283016944966,7.562242424221073,9.216745858195306,8.936637939002571,8.076815597050832,7.339850002884624,6.599912842187128,8.03342300153745,8.276124405274238,6.78135971352466,7.651051691178929,7.6293566200796095,9.35974956032233,7.888743248898259,9.471675214392045,6.930737337562887,5.523561956057013,9.172427508645482,10.156083076288681,8.758223214726724,9.935165049603695,8.475733430966399,9.744833837499545,8.72451385311995,8.515699838284043,11.314016703901357,7.22881869049588,6.285402218862249,7.366322214245816,7.7073591320808825,8.426264754702098,8.262094845370179,7.515699838284043,7.734709620225838,7.523561956057013,7.1799090900149345,10.600842114387302,9.722807531169547,8.247927513443585,8.954196310386875,9.459431618637296,7.845490050944375,7.679480099505446,7.813781191217037,8.707359132080883,8.643856189774725,7.426264754702098,7.614709844115208,6.303780748177103,6.9886846867721655,9.900866807980748,7.658211482751795,5.491853096329675,7.189824558880018,7.584962500721156,6.475733430966398,5.20945336562895,8.599912842187127,6.554588851677638,6.303780748177103,10.224001674198105,9.308339030139408,7.491853096329675,8.08214904135387,8.139551352398794,7.199672344836364,8.285402218862249,10.579315937580015,7.787902559391432,9.224001674198105,7.6653359171851765,8.113742166049189,10.256208688527387,8.658211482751796,9.368506461507693,6.672425341971495,8.467605550082997,8.584962500721156,7.554588851677638,7.199672344836364,6.643856189774724,8.45532722030456,7.189824558880018,7.400879436282184,9.658211482751796,7.392317422778761,9.515699838284043,10.30035256032822,9.77313920671969,10.851749041416058,8.139551352398794,7.199672344836364,9.280770770130603,9.057991722759176,9.29920801838728,9.477758266443889,9.413627929024173,8.930737337562887,7.285402218862249,7.05528243550119,8.991521846075695,7.515699838284043,8.906890595608518,9.862637357558794,8.271463027904375,8.761551232444479,7.651051691178929,7.930737337562887,7.965784284662087,9.377210530388552,8.189824558880018,8.184875342908283,9.00842862207058,8.103287808412022,7.321928094887363,8.303780748177102,9.505811553919594,6.845490050944375,8.573647187493322,7.870364719583405,8.784634845557521,8.611024797307353,6.614709844115208,7.569855608330948,6.820178962415188,8.366322214245816,8.867278739709661,8.266786540694902,7.636624620543649,7.303780748177103,9.63662462054365,9.06339508128851,8.787902559391432,6.285402218862249,7.266786540694901,8.980139577639157,6.807354922057604,9.878050912728536,6.569855608330948,6.409390936137702,9.640244936222345
NKG7,9.3151495622563,7.294620748891627,8.569855608330949,10.256208688527387,6.189824558880018,7.599912842187128,8.906890595608518,8.693486957499326,8.451211111832329,8.651051691178928,5.20945336562895,7.888743248898259,5.285402218862249,7.199672344836364,5.882643049361842,8.194756854422248,8.686500527183219,7.05528243550119,6.643856189774724,6.266786540694901,7.011227255423254,7.098032082960526,5.954196310386875,7.491853096329675,7.6653359171851765,6.820178962415188,9.240791332161956,8.060695931687555,6.882643049361842,6.3750394313469245,8.997179480937621,9.139551352398794,7.693486957499325,9.303780748177102,9.926295994781112,6.442943495848728,9.057991722759176,5.857980995127572,6.965784284662087,8.366322214245816,8.945443836377912,7.417852514885898,7.321928094887363,6.20945336562895,6.768184324776926,7.459431618637297,6.409390936137702,7.409390936137702,7.507794640198696,9.350939181546432,6.569855608330948,9.64745842645492,7.912889336229962,5.700439718141092,9.521600439723727,9.497851836951117,7.592457037268081,8.861086905995395,9.276124405274238,9.700439718141093,7.794415866350106,8.842350343413807,10.121533517340032,7.219168520462161,6.459431618637297,6.845490050944375,6.807354922057604,8.81698362325538,8.071462362556623,7.839203788096944,5.584962500721156,7.03342300153745,6.832890014164741,10.24436383512051,9.558420713268664,7.994353436858858,8.475733430966399,8.971543553950772,7.434628227636725,6.918863237274595,7.434628227636725,8.50382573799575,8.303780748177102,7.491853096329675,7.247927513443585,5.087462841250339,6.247927513443585,9.832890014164741,6.94251450533924,5.321928094887363,6.794415866350106,7.442943495848728,5.523561956057013,4.643856189774724,8.124121311829187,5.672425341971495,5.807354922057604,9.541096615349524,8.73809225962049,7.139551352398794,8.290018846932618,7.658211482751795,5.044394119358453,7.189824558880018,9.815383295813538,6.303780748177103,8.72451385311995,7.118941072723508,6.426264754702098,9.734709620225837,8.625708843064466,8.361943773735241,6.459431618637297,6.491853096329675,8.076815597050832,7.087462841250339,7.348728154231077,6.339850002884624,8.199672344836364,5.554588851677638,6.870364719583405,9.558420713268664,6.044394119358453,8.686500527183219,8.79766152585376,9.981567281903015,10.30720080914081,7.066089190457772,7.044394119358453,8.640244936222345,8.451211111832329,8.870364719583405,7.807354922057604,8.569855608330949,8.90388184573618,6.491853096329675,6.392317422778761,8.523561956057012,7.714245517666122,9.157346935362844,9.39231742277876,7.98299357469431,9.121533517340032,6.442943495848728,7.499845887083206,8.016808287686555,8.848622940429339,7.857980995127572,6.20945336562895,8.523561956057012,7.129283016944966,6.022367813028454,8.388017285345136,8.43879185257826,6.475733430966398,7.066089190457772,8.204571144249204,8.873444112515376,7.936637939002571,5.321928094887363,6.409390936137702,4.954196310386875,8.985841937003341,8.948367231584678,6.599912842187128,7.936637939002571,6.266786540694901,9.264442600226602,9.240791332161956,8.800899899920305,5.930737337562887,5.930737337562887,8.744833837499545,5.392317422778761,10.183635381473218,6.321928094887363,6.066089190457772,8.820178962415188
CXCL9,9.005624549193879,10.154818109052105,9.221587121264806,15.301246102355872,8.027905996569885,11.066089190457772,9.060695931687555,10.477758266443889,10.467605550082997,9.535275376620802,6.149747119504682,9.741466986401146,8.417852514885897,8.179909090014934,6.491853096329675,9.002815015607053,10.439830883981392,9.124121311829187,5.169925001442312,7.139551352398794,8.20945336562895,8.266786540694902,6.6293566200796095,11.01262453886506,8.59618975614441,9.411510988012072,7.971543553950772,8.867278739709661,9.194756854422248,7.768184324776926,13.559018523346786,10.095397022792557,6.930737337562887,8.829722735086058,11.592924155627637,4.857980995127572,12.019938156424795,8.562242424221072,7.994353436858858,9.30149619498255,10.356451970221755,8.86418614465428,7.813781191217037,7.383704292474052,7.03342300153745,10.504818987632841,6.658211482751795,7.400879436282184,8.262094845370179,10.117643101389092,8.144658242831882,10.921097088106793,9.72451385311995,6.539158811108031,10.639340708652231,10.799281621521923,10.393390457443987,14.097291458618448,10.1357092861044,10.642954223480332,9.727920454563199,9.355351096424812,13.252813241993014,3.321928094887362,8.519636252843213,7.339850002884624,6.714245517666122,11.346513733165635,9.252665432450248,9.134426320220927,9.394462694610317,9.29920801838728,8.939579214314692,10.30720080914081,9.539158811108031,9.807354922057604,13.532355925288847,11.032734528586714,10.46352437327118,8.03342300153745,7.839203788096944,9.569855608330949,8.08214904135387,10.360847084179664,6.6865005271832185,6.392317422778761,8.661778097771988,12.287423811683523,8.599912842187127,3.9068905956085187,6.491853096329675,8.285402218862249,5.807354922057604,5.78135971352466,9.952741247186488,7.839203788096944,5.247927513443585,12.659772961881611,8.751544059089099,10.107217075591382,7.636624620543649,8.787902559391432,7.03342300153745,9.339850002884624,14.54978466794786,8.400879436282183,11.215532999745657,9.879583249612784,8.696967526234287,13.26532202423487,11.50432244829189,10.321928094887362,7.948367231584678,7.108524456778169,10.939579214314692,7.491853096329675,9.366322214245816,6.832890014164741,12.600609852446706,6.6865005271832185,8.038918989292302,9.984418458801137,4.643856189774724,12.258860431409756,11.078817949961978,10.615629636968098,16.3607956563961,10.219168520462162,8.854868383260236,10.406205005418855,11.324743110494417,10.878050912728536,9.016808287686555,7.022367813028454,10.821773981970567,8.707359132080883,8.383704292474052,11.943613701614042,9.749869427396844,10.997885127829111,12.203959703239462,8.78135971352466,14.065920955947536,7.285402218862249,7.906890595608519,9.69522829149575,10.245552706255681,10.096715154488535,5.832890014164741,10.238404739325079,8.499845887083206,8.03342300153745,9.812177305514448,11.44759985827995,7.636624620543649,8.149747119504681,9.259743263690781,10.01262453886506,12.448890629629261,5.672425341971495,9.105908508571158,8.233619676759702,11.308339030139408,12.335390354693924,9.124121311829187,12.344295907915816,7.857980995127572,10.107217075591382,10.614709844115207,9.005624549193879,7.787902559391432,7.451211111832329,9.398743691938193,6.20945336562895,11.3151495622563,7.851749041416057,7.22881869049588,9.912889336229961
CXCL10,8.224001674198105,8.233619676759702,6.954196310386875,12.080817527608327,6.9886846867721655,10.177419537989236,6.894817763307944,9.002815015607053,8.388017285345136,9.280770770130603,4.523561956057013,9.005624549193879,6.3750394313469245,6.303780748177103,5.20945336562895,6.741466986401147,9.00842862207058,7.888743248898259,4.392317422778761,6.714245517666122,6.754887502163468,6.459431618637297,5.977279923499917,9.579315937580015,6.741466986401147,8.854868383260236,6.906890595608519,7.1799090900149345,8.754887502163468,7.366322214245816,11.152284842306582,8.800899899920305,6.930737337562887,9.18239435340453,10.632086412835182,4.523561956057013,11.13249972962851,8.668884984266247,7.05528243550119,6.954196310386875,8.939579214314692,8.103287808412022,6.475733430966398,6.129283016944966,4.523561956057013,10.707359132080883,5.491853096329675,6.507794640198696,7.149747119504682,7.321928094887363,7.108524456778169,8.957102041562287,8.67595703294175,5.426264754702098,8.154818109052105,8.754887502163468,8.965784284662087,8.703903573444663,10.029287226968245,8.087462841250339,8.693486957499326,9.784634845557521,11.852529509404196,2.0,8.159871336778389,4.906890595608519,6.918863237274595,10.497851836951117,7.643856189774724,7.467605550082998,9.60733031374961,7.870364719583405,7.294620748891627,7.894817763307944,8.103287808412022,8.312882955284355,10.437752072323603,9.61654884377899,10.344295907915816,6.6293566200796095,9.233619676759702,7.9886846867721655,7.417852514885898,8.768184324776927,6.614709844115208,4.321928094887363,6.523561956057013,11.85681455250301,7.451211111832329,2.321928094887362,5.727920454563199,6.459431618637297,4.087462841250339,3.321928094887362,9.897845456005511,6.475733430966398,3.4594316186372973,10.157346935362844,7.499845887083206,8.144658242831882,6.247927513443585,7.129283016944966,5.426264754702098,6.882643049361842,11.783407542173519,7.199672344836364,9.733015321685963,8.59618975614441,9.69522829149575,11.657318449581288,10.818582177480858,7.727920454563199,7.169925001442312,9.339850002884624,10.051208940914766,9.157346935362844,9.52552080909507,5.459431618637297,10.611024797307353,6.3750394313469245,5.930737337562887,7.7073591320808825,6.22881869049588,10.227615943414223,9.432541900388259,9.52943055414615,14.07020481965727,9.758223214726724,6.658211482751795,9.935165049603695,9.290018846932618,9.29232163280204,9.250298417906333,5.882643049361842,9.651051691178928,8.005624549193879,7.357552004618084,11.389093521904474,8.611024797307353,10.079484783826816,9.599912842187127,8.897845456005511,11.8649599151426,6.554588851677638,7.467605550082998,8.988684686772165,9.893301530860564,8.588714635582264,5.700439718141092,8.066089190457772,6.906890595608519,7.219168520462161,8.839203788096944,9.074141462752506,6.741466986401147,6.714245517666122,7.876516946564999,9.278449458220482,12.0003521774803,6.523561956057013,7.599912842187128,6.129283016944966,10.079484783826816,11.023061249735335,8.400879436282183,10.421012855779226,5.285402218862249,8.087462841250339,9.61654884377899,8.794415866350105,7.321928094887363,6.22881869049588,8.562242424221072,5.357552004618084,9.546894459887637,9.744833837499545,7.78135971352466,8.531381460516313
CXCL11,5.321928094887363,8.29920801838728,4.807354922057604,10.843921051289035,4.807354922057604,9.9901039638575,7.569855608330948,7.108524456778169,7.768184324776926,6.965784284662087,3.169925001442312,8.179909090014934,5.491853096329675,6.169925001442312,5.906890595608519,5.754887502163468,8.159871336778389,7.044394119358453,3.700439718141092,6.658211482751795,7.400879436282184,6.845490050944375,5.0,7.807354922057604,5.426264754702098,7.189824558880018,4.459431618637297,6.507794640198696,7.491853096329675,5.807354922057604,10.357552004618084,8.03342300153745,5.285402218862249,7.312882955284356,8.179909090014934,3.321928094887362,9.682994583681683,7.507794640198696,6.599912842187128,6.149747119504682,7.622051819456376,5.727920454563199,5.614709844115208,4.643856189774724,5.20945336562895,8.330916878114618,4.523561956057013,5.0,6.0,6.768184324776926,6.9886846867721655,8.108524456778168,6.584962500721156,2.321928094887362,6.285402218862249,7.1799090900149345,7.734709620225838,8.049848549450562,8.974414589805527,6.442943495848728,7.247927513443585,8.672425341971495,9.03342300153745,3.807354922057604,6.3750394313469245,3.9068905956085187,6.741466986401147,9.419960177847889,7.392317422778761,5.977279923499917,8.721099188707186,6.491853096329675,6.845490050944375,5.832890014164741,6.714245517666122,8.554588851677638,9.507794640198696,8.098032082960527,8.169925001442312,5.169925001442312,7.330916878114617,6.894817763307944,6.6293566200796095,8.164906926675688,7.22881869049588,2.321928094887362,4.247927513443585,11.378836713210614,6.321928094887363,5.285402218862249,2.321928094887362,3.584962500721156,8.134426320220927,1.0,7.994353436858858,5.459431618637297,2.0,8.383704292474052,6.94251450533924,6.768184324776926,4.954196310386875,5.614709844115208,5.321928094887363,5.643856189774724,10.842350343413807,6.832890014164741,8.804131021183318,6.507794640198696,7.531381460516312,10.838416075797337,9.782998208920414,7.05528243550119,4.857980995127572,7.459431618637297,9.228818690495881,8.044394119358454,9.025139562278508,5.614709844115208,10.619302955415687,3.807354922057604,4.754887502163468,6.285402218862249,8.228818690495881,8.379378367071261,8.562242424221072,8.584962500721156,12.698921662339812,9.988684686772165,5.426264754702098,7.912889336229962,8.523561956057012,7.546894459887636,6.392317422778761,2.0,8.60733031374961,6.569855608330948,6.087462841250339,9.566054038171092,7.022367813028454,8.717676423066395,8.357552004618084,8.554588851677638,10.857203471508166,4.584962500721156,6.044394119358453,7.011227255423254,8.46352437327118,7.700439718141092,4.321928094887363,7.0,5.285402218862249,7.139551352398794,7.366322214245816,7.971543553950772,6.087462841250339,6.459431618637297,6.906890595608519,8.027905996569885,10.839203788096944,7.948367231584678,5.754887502163468,5.169925001442312,8.588714635582264,9.78135971352466,7.442943495848728,8.59245703726808,4.459431618637297,6.392317422778761,8.20945336562895,7.066089190457772,5.857980995127572,3.4594316186372973,7.159871336778389,5.392317422778761,8.829722735086058,7.599912842187128,6.357552004618084,7.577428828035749
STAT1,12.959458646412672,12.885696373339394,12.554588851677638,15.366902727542762,12.257093144491057,13.902940323128275,13.642615840685092,13.369869938634876,12.826945650415485,12.428098411832506,11.615629636968098,13.202276903043389,11.658211482751796,13.695989464702496,11.813380386924727,12.117318426010003,13.589885179290201,13.461863091761462,9.977279923499916,14.636284749709091,12.742940950666588,13.862831046897997,12.474973384391147,13.784328117579138,13.064574373149144,13.53320804236937,12.507051302247916,13.739886066082718,13.818082819530185,12.668220198888895,15.023451161461796,13.224453953330569,13.240195053979924,13.648919269788179,13.251630341411513,10.019590728357882,14.85511179803766,13.175237650291036,13.311890193850616,12.33734314727405,13.52943055414615,12.246146774635864,12.61677855400014,13.102467862359322,11.572226512793694,14.670822193758413,12.761966695382092,12.933506249629444,12.884361339165705,13.414553114827143,12.866699382882029,13.08994696349794,12.947636937951827,11.331476821859619,12.136670762341845,13.753007768945245,13.721312842175312,14.02669633424996,13.165378113346108,13.250742529050639,12.948367231584678,14.210671343785622,13.526988205432007,11.41574176829009,13.826051879582012,11.937741620077096,13.343879685849876,14.206251272060687,14.141708026725842,12.158294103604035,12.57530287507339,12.510022358813766,12.295194955880655,12.731531176461942,13.362902693704669,13.326429487122303,14.287351660697492,13.050188767596435,13.586957037345522,12.352871054677996,12.81977993183848,13.116018993325094,13.32853468965679,13.302924464617952,13.655307101510479,11.118941072723507,12.586839787961827,14.63747394750212,12.866699382882029,11.257387842692651,11.738514532429267,11.171802288682983,10.868822554774999,11.622509454683335,14.08189947611625,11.927037168720295,11.026523442519766,14.220907299509877,13.25679838607939,13.582259613444965,13.808662576707462,12.659103963473662,12.289154353723356,12.462757865660363,15.982191458511918,13.020632761657707,15.15991074552338,13.26795708440284,14.429472126863349,15.244661144764198,14.487651647345487,13.674523326021665,13.059851410770802,13.109177703355275,14.054349941685503,12.970105890612182,12.797864137333749,11.702605602110248,13.30078152956897,12.481547190203287,11.840777923595054,12.986019773064076,11.845097960972975,13.823267712948759,14.448697087532933,13.013671614058637,16.032347118121525,13.369597346278677,12.51422090935813,13.031701202740303,13.818781872275403,14.34976499521255,13.79644525906185,10.096715154488535,13.224001674198105,12.488844346457336,12.20945336562895,14.930506354831179,14.005010431073003,13.958915156091349,14.361258440464605,13.417720683658056,14.47104008559425,11.426264754702098,13.23661220021575,11.966505451905741,13.046441948007311,12.981388896117206,12.451726268074506,13.337203749714552,12.451726268074506,13.445790836048076,12.542548262335213,13.354249381945241,11.588714635582264,12.81317994301459,13.001232245244363,13.747353829478062,14.934289809518198,11.715533063526584,12.700006150882865,13.413495711176774,13.002111776479852,14.658323073040043,14.169768450518076,13.16882878806135,11.546412195119352,12.71681946132995,12.981210488271694,12.790959333698824,11.238404739325079,12.680359523513713,13.35493805208142,12.397674632948268,13.864379626186238,13.719281855600725,12.800697714363126,14.097291458618448
IRF1,10.861086905995395,11.812979471251483,11.26795708440284,11.854868383260236,9.843921051289035,11.754052367528924,11.702172685365548,11.952741247186488,11.617926556798752,10.64745842645492,9.521600439723727,11.339850002884624,9.874981347653774,11.66622400280318,10.369597346278677,9.955649907528374,11.366868586167094,11.355901638328417,9.411510988012072,11.669770888525518,10.965784284662087,11.59245703726808,10.411510988012072,11.276706019892432,10.78135971352466,11.279030136449649,10.964340867792417,10.91513244895065,11.476239906323851,10.131856960608793,11.16427843830117,10.860311054919482,11.475733430966399,10.761551232444479,12.465056167831175,9.579315937580015,11.992584344005802,10.854089179870574,10.935901682267588,10.961449694398196,11.501339618061397,10.443979542601253,10.479780264029099,9.579315937580015,10.055282435501189,12.028251428162793,10.044394119358454,10.815383295813538,11.838022058304546,11.163649676015824,10.644757592516257,10.35974956032233,11.095397022792557,10.687375683437468,10.747353829478062,11.535761377986656,11.12605911607068,10.728770849542663,12.480032814583948,11.228818690495881,10.526499239136566,12.728133100306216,11.138911718142744,9.41574176829009,9.656424863277781,10.020979938904212,10.221587121264806,11.65954999687987,11.274378153246364,11.013322673425447,10.955649907528374,10.54882190845875,9.710806433699352,11.73640193131829,11.375582512490507,11.439830883981392,10.805743872151618,11.314583244274194,10.696098170955864,10.328674927327947,10.977995368612962,10.453270634010623,11.047123912114026,10.635718120331047,11.219773550892874,9.159871336778389,9.583082767502933,12.938844457466171,11.366868586167094,10.792790294301064,10.276124405274238,10.514714054138487,7.7073591320808825,9.727920454563199,11.993646060016596,10.477758266443889,10.179909090014934,11.658211482751796,11.129283016944967,11.34318571544788,11.253847484987404,10.660887270302567,10.50382573799575,10.985130373466898,11.977637690405876,10.850186837645774,12.542548262335213,10.573647187493322,9.862637357558794,12.923884546385334,11.8317030992143,10.955649907528374,11.075479149488016,11.179909090014934,12.04916787237217,10.701306461958625,11.187970591984199,12.13249972962851,11.383704292474052,10.121533517340032,10.31741261376487,10.427312844134963,11.44759985827995,11.638435913990472,11.563672959827514,11.667998535672528,12.906326932760603,11.715533063526584,11.002111776479852,10.929998062609027,11.371232128369622,11.481294904631097,11.255618749839597,10.177419537989236,11.812177305514448,10.860311054919482,10.52552080909507,12.75446999527562,11.355901638328417,11.73978060977326,10.957102041562287,11.769424641552753,12.069114061773938,10.442943495848729,11.192909219112012,11.283667167491501,11.673750739438063,10.644757592516257,10.491853096329674,11.952741247186488,11.7402023887679,11.385323176175872,10.276124405274238,11.387478865842379,9.62935662007961,10.049848549450562,11.429406741513981,11.519144787997414,12.002815015607053,11.73259143596501,10.943979914343739,10.427312844134963,10.996473488733228,11.677719641641009,11.36468185586456,11.04916787237217,9.612868497291041,11.874212934830874,11.845882034384061,11.419433550705378,9.3151495622563,9.519636252843213,11.205793249397157,11.457380879072534,11.638435913990472,10.216745858195306,10.63026712502677,11.096056239180946
HLA-A,15.084351661354724,16.298850162738443,15.95044198598154,16.186288374088026,14.686226931946031,16.903152219293876,16.324092626194016,15.797154872629628,16.272101215088068,15.513943441323638,14.930829720301745,16.281694628289976,15.319883768426417,16.444691393399545,15.108891944372825,14.37531099747307,16.435605155900735,15.854600579561268,14.146807302074764,16.823193063119536,15.483815777264256,16.12795403067294,15.16867211813223,15.742783097934783,15.640527391152254,15.96785666961329,16.101544865678257,16.187584048820597,16.18235555407039,15.079568116392377,16.005580692282113,14.789737401067145,15.586048105281444,16.402329272303515,16.832432673003733,15.566827043260437,16.056828199241842,15.85671730636763,16.053395630993712,15.407234564878921,16.740334169419718,15.288613782290982,16.18862747776939,15.515022184047368,15.144379426545038,16.411113715521363,15.432280897214161,14.976966804661815,15.907524453187511,15.475765090885881,14.947454306767218,15.803777969553797,15.566827043260437,16.2650838998267,15.813330278557986,16.29492582481023,16.727335517106567,16.068715309823524,16.68691082277906,16.094861187592716,15.677113987765125,16.776317361336776,15.616979520444973,16.57132306497423,15.23537853634546,15.126583490436023,15.805920168385242,14.95224073008088,16.34760406830323,15.35837648032824,15.9264813239664,15.23084605524016,14.560213400871515,16.30963621810421,16.55215873312412,15.700141654648464,15.590060678960862,15.743282905679568,15.155845979401207,16.35405994001195,15.761499291163817,15.534394081635458,15.913356939073614,16.201836756519743,16.346565672576325,15.149191397099338,15.250002267840449,16.574460485800067,15.73047013718422,15.246258135228803,15.586957037345522,15.498849206531725,12.789941128390916,15.133583753392871,15.626992316224587,15.182588334424935,16.120197369837054,16.2189793964053,16.4180337631567,15.441193478063148,15.100128456207392,14.763108601932068,14.52460292788525,15.34311630004426,17.173491713093632,16.336053205631792,15.935257149258415,16.000286150750934,15.759081954055464,16.710564314350165,16.356864581418872,15.474878350409169,15.231033630168055,16.029955785347628,16.767990428920914,15.646108641506103,16.352664191964166,15.946449421784386,16.319495724326178,14.795024983961387,14.834075953434885,15.038747556217311,16.25578469447957,16.00334222008611,16.387411549273722,16.28812709476125,17.502909479818562,16.67022747043107,16.152878975926885,15.275978964975623,15.606463048895787,15.803096840186397,16.267591391505672,13.949005935404756,16.94171247975522,14.66211201631089,14.860214044191483,15.446857141489842,15.594761965373106,16.147960106604955,15.650182268299659,16.103963913262742,15.198751965193736,15.531899226879156,16.6088179038086,15.990347761556004,15.67991987851842,15.817633249546871,16.611068036000855,15.822346761656512,16.23864730786399,17.25070552500983,15.15030262792961,15.83605035505807,14.305135491933306,14.919282347858973,15.472849466060266,16.23399408182782,16.19136771341894,16.47820082063506,16.316582061908935,14.81067204153667,15.190943510439453,15.756973226165448,16.40494196164382,15.518007633895467,14.486143669289923,16.05661654865745,15.989150540989879,16.02089315242475,14.136750856445454,14.95701132599393,15.110809526898654,15.301389017736845,16.287622208291513,15.806750989149508,16.645756927654464,16.475844237645074
HLA-B,15.839671288860446,16.635831464011893,16.670310469800608,17.109606235729814,14.562659810320003,17.4490760831107,16.69344611976552,16.459847819151285,16.547662736309924,15.8413432092681,14.755461376922867,16.36445958054746,15.922421802340173,16.949062948783446,14.941552021120913,15.312812066404362,16.87221795449059,16.328990412255475,14.517238778801707,17.387849050834898,15.699057267998477,16.494136807365336,15.663641488157777,16.583185628744747,16.097003335330054,16.342057301091824,16.26431430609141,16.673930126772948,16.973361045008094,15.725126569952758,17.069156029252913,15.60738811287387,16.212838323581696,17.037600573588993,17.30423544218544,14.351284348675117,17.020643612211373,15.979090206814194,16.403877487504946,15.911064235621808,16.880444474416525,15.650603022215309,16.480017031469423,15.916322685554503,15.629157370500305,16.8413432092681,14.614192202816852,15.832716983207597,16.242318171056585,16.380072064014637,15.863895873695073,16.248928213952656,16.111706243720842,17.31550339813988,16.627348634001816,16.74396657264572,17.28210202477064,16.681403143736905,17.112724564020112,16.88902856384844,16.11687187802468,17.302960153248385,16.899616546901527,14.85938918952038,15.713520767832678,15.519851216078346,16.049423163912792,16.611730867077426,17.034745238721847,15.800798810683611,15.856182335421494,15.522979909190633,15.194449079479025,16.86038380868483,16.666653972823017,16.222153394789714,15.991388978798355,16.33948469096579,15.486835021563051,17.01524080333268,16.16972931013253,15.835828369720138,16.405507144236285,16.73586007898329,16.628445540137182,14.11756193939414,14.228217442293435,17.254548870715094,16.250557499354617,15.274996859268512,15.28377566935602,14.928333307585147,13.383434301822776,14.084310133597755,16.645095473397046,15.504384525056208,12.931845540183673,16.522688797674977,17.20158791863784,15.879678966649864,14.959005752031025,15.459207460925594,14.732750407705732,15.724300673209568,18.02960536999508,16.466602268451087,17.333950221225194,16.318172061747568,16.416879976274274,17.05583317140274,16.878410200239642,16.15821519666383,15.766606548679656,16.38501977382245,17.47376123194569,15.70894914611001,16.48670934578956,16.303673740521937,16.8013673455239,15.105294708961447,15.23279564342994,16.134045219987545,16.07018385131931,16.611716460943878,16.912012172191357,16.775301627870313,17.92473712935541,17.07894300479159,16.74353274463437,15.95380995233677,16.44782582664769,16.777036942044543,16.865684948263258,14.104680648097407,17.700148429502672,14.99059151806266,15.297059551808703,16.231258687894197,16.36031557532557,16.64309519289064,16.14986617503235,16.131053096409644,16.27339495682016,15.891047930986295,17.062225366937913,16.087939296141922,16.107339692919105,16.214015491410844,16.201894174551718,16.768274800592437,16.82513270442779,17.36228631832476,15.829103313393967,16.833507812514764,14.968891746814064,15.885267389926042,15.9832163056229,16.8264367654596,17.250335432390468,16.92400057368459,16.686938171670388,14.393859659264102,15.75373906736318,16.680867696082576,17.054731489280854,15.933437091556124,14.789737401067145,16.99837005993402,16.765739330511334,16.663849926926734,14.889218742472613,15.370891701496033,16.032863642293606,15.877643612019284,17.193438731516892,16.275669855649856,17.050465135776047,17.04257850829473
HLA-C,15.286016216185166,16.273322100793433,15.580081871297454,16.401362876864294,14.252665432450248,16.807166220180264,16.270368335507296,16.136049882225816,15.989837955736364,14.945992424396774,14.272265274744033,15.816358706611044,15.065920955947536,16.242467044471148,14.2110517511816,14.637700350270975,16.51042421942492,15.870774080165248,14.282654089726421,16.803639247057767,15.391512122707118,16.3466349222153,15.248594724234646,15.879319995011633,15.757676477988904,15.48384726031461,15.862007687557307,16.699829976958483,16.412536769228637,15.184720405997767,16.200898605038443,14.532295040519964,15.782102387323304,16.359457890148065,16.183305837501198,14.429799009166976,16.54696979919723,15.420947085906594,16.323459440917507,15.037632744408544,15.94439179257991,14.6345841934937,15.89883753476028,14.966009688153036,15.160501747555687,15.671789823915915,15.744360848574194,15.138071767583005,15.955014138983588,15.21169821364336,14.69843337640288,15.4893462407191,15.647655164623528,16.55116751008413,15.657458022458181,15.914875602463283,17.309502999115157,16.375548575907676,15.913754282362747,16.349281228817453,15.381678129918898,16.86344825817904,15.54677390880832,14.985130373466898,15.318048457920408,14.7255792804196,15.333155350310616,16.035593841816382,16.950498942638788,15.389362455643884,15.474973384391147,15.087628582538464,14.517607880383343,16.096550453872922,15.636228096784896,15.545205827425605,15.374564067587947,16.07662773390311,15.123434381523799,16.021283650475826,15.334063738470896,15.016242448107366,15.556266543582993,16.105908508571158,16.231296194102125,14.503204609540429,14.229945355950164,16.909822784416928,16.045119724488913,14.492541718652951,14.873107623874576,15.24929866769362,13.643405277115674,14.822720191147788,16.550867004960903,14.74751118292108,14.241387363998937,16.6216083468552,16.75257665158558,16.180802724449347,15.500499584695259,15.271280636844715,14.174769673304432,14.752798758435516,17.382269388001458,15.910923747587203,16.72384756128131,16.10197567094923,15.687184288365003,16.7160155971308,16.54457208033906,15.475100086629922,15.534758820718633,15.716658724318933,16.789864734015822,14.862395209311211,15.692397555468485,16.02386262065862,16.017634884991462,15.231333699335014,14.767046430231881,15.60626061205811,16.060020354507852,16.070833728126036,16.137631598235426,16.376888464299284,17.365468093659096,15.988041116880387,16.116607943778252,14.858806655090357,16.033164862681147,16.166967233172688,16.085513953494843,13.891309054409657,16.423345745837256,15.446081724791862,14.440739423014273,15.975243435238253,15.4022459878445,16.965186795039155,15.189515729800194,15.466618199007016,15.51794614056436,15.204838568225137,16.843062282308157,15.720885503593726,15.484948734468157,16.01227534485612,16.466458885531267,16.02459862330625,15.946449421784386,17.256098093397135,14.88068361231773,15.7378018753513,14.491289433481759,15.353939373101234,15.565845850630687,16.126361663002875,15.74067674279055,16.152185796244105,16.13159575387101,15.314760242525026,15.206747299241398,15.831851516995501,16.58018494671213,15.33573926157146,14.004922678569045,15.900324374921263,15.912351405528977,15.588685359817678,14.13514812891197,14.471675214392045,15.269272811845505,15.13024878405069,16.155173993206578,15.52328627891803,16.352577990411774,16.79518990906638
B2M,17.223605813613542,17.085679918815654,17.140340510057154,18.122575258433514,16.49407428807945,17.705483898755958,17.85023568212772,17.34011088334697,17.0678124640294,16.727734363823632,15.451178908458608,17.12248426249915,16.398376292256856,18.011745936507502,16.2456455455667,15.783049381928874,16.698718229949677,17.211926307721445,14.44015542789226,17.91510326415259,17.347975978287742,17.648167963016206,16.239374768870096,17.733624439297245,16.836383269034567,17.40217102772043,16.92229403204634,17.386376161436022,18.281250887913156,16.69859615674503,17.125534551042414,16.668137079173817,16.956965966070612,17.764275526778693,17.78324766019398,13.787290426559581,17.64605940672837,16.7464749571963,17.05891129996953,16.63011067287819,17.81622743971772,16.264222660437948,16.910150818761426,16.589607261142554,16.03784719820777,18.810480635046307,16.0534168447575,16.94418586816033,17.790412137668977,17.025442399532373,17.062910449870376,17.02499893765634,17.240539807357028,16.419384169553556,16.823640904166417,18.032153373869836,17.875233393958432,18.105918736352514,17.879182365531463,17.475495959421686,16.858952310750936,18.0191617564262,17.088239589028937,15.947682592135813,17.06725577753713,16.391696710347162,16.901750772602043,18.287608682116716,18.126361663002875,16.549814743831845,17.082980613825388,15.962105233697121,16.212876311733655,17.197667848783205,17.722454016905136,16.993480218385823,17.340562964426976,16.9346008108895,17.488546264106336,17.24808507715419,16.997344897897396,16.994629661761746,17.448729346352117,17.118444331014636,17.749221294348263,15.608890077895536,16.095355811765177,18.816952383851177,17.14604156938922,15.502054816445291,16.481925535860658,15.802390143978272,14.154026940926496,15.301353290218836,17.11480987624931,16.446388710405053,15.088498412049278,18.042118903198414,17.317368447512784,16.1663592582547,16.887672815014742,16.066446623667286,15.61801262019417,17.04460757051819,18.900660471612564,17.33468355971856,18.33028230419032,17.49276857902125,17.607677073765917,18.488146109392844,17.734001698395353,17.378108545452424,16.909178214009593,17.10568347903474,18.292905739881004,16.575465384819243,17.898760791109222,17.178674575783884,17.39608628638148,16.745332935412936,16.08127537408303,17.171518896659354,16.05182494622733,17.54592976908547,17.96683774359265,17.340058711028338,19.037308322454177,17.14805944319109,16.73599225685571,16.708491186164515,17.23892714397017,18.002353553596393,17.777518603561887,15.057230249828969,18.00936392581816,17.055070558007323,16.287838609843032,17.807524732646794,16.984585345323136,17.51336521146568,17.449616181333955,17.361952338341283,18.024360545888317,16.4219826132871,17.092044783031582,16.80793345395751,17.199605253663247,16.92814821616904,17.25695498398395,17.37522613854975,17.113894744465362,17.796489620136946,16.162863337608126,17.791544476517593,15.600696955056392,16.46822627972674,17.08847770791632,17.65578924248128,18.552957973795852,17.163914968523216,16.866663165354172,15.95585420221719,16.50452418801063,17.680125978791757,18.255134635586295,17.054614915998854,16.019829594141303,17.51334207745019,17.834631527055432,16.971869075585325,15.580199671170213,16.45633837081266,17.074361012052783,16.81277897162766,17.710591218506757,16.963144444075297,17.03918681269663,17.677671473935185
TGFB1,11.57553924683453,12.511505595792482,12.873444112515376,11.98903963696239,11.683433292835403,11.140190703191836,11.553629293916364,12.76487159073609,12.262975701227942,12.285402218862249,12.247630876238699,10.892542816648552,10.786269627648466,12.441128621804697,11.430452551665532,11.116343961237469,12.595024318613637,12.30720080914081,9.867278739709661,11.483815777264256,11.217351905270334,12.077817120895904,12.093417564387961,12.529186505250891,12.19075064966236,11.705632387361415,12.29978040285854,12.193217322699065,11.593391122791736,10.7632123668144,12.640696837570093,10.799281621521923,10.492854620174748,12.96108788999733,12.743572188935634,10.28424574982967,12.597587039586216,12.058330026205653,11.912140856295721,12.074141462752506,11.989749275462133,12.077817120895904,12.159871336778389,11.6965329140783,11.614249727689401,12.387748100711294,12.709083812550343,12.263562639820615,10.488844346457336,12.627761852402616,11.207014320177532,11.568906154502084,12.285691191330093,10.597121428789569,12.547376563498101,12.35672705746463,12.093747662785669,12.02894204332241,11.959277505720502,12.706280158849161,12.503328856626661,11.330356716957944,13.649031581106666,11.496354488564615,12.623424289869911,12.079151405421891,11.770250927394864,11.484822894262146,12.932399322433792,11.469641817239516,11.271463027904375,11.608254821977908,11.194756854422248,13.113904915786051,12.525765478821915,11.926295994781112,11.449148645375436,12.155766938445653,12.07045641594465,12.085804380278086,12.4983506079296,11.225207436943501,12.222493052246467,12.79644525906185,12.555068391333338,10.177419537989236,10.015415052386688,11.029977346589579,11.485829308701904,7.434628227636725,11.31741261376487,11.221587121264806,9.262094845370179,11.187352073200497,12.45763738099176,10.38586240064146,9.656424863277781,12.315715658022201,12.51668494930961,12.61378946447258,11.961811408087163,12.316564385396942,12.347067657165871,10.9901039638575,12.30063855399372,12.473705749619416,13.139871063212487,13.381813295988316,12.480537783101841,11.682994583681683,11.952377251967985,11.744413410557655,12.604089861469179,12.57530287507339,11.870364719583405,11.475226777742266,10.606405212697785,10.875749351420055,12.400345796534694,13.204571144249204,11.729195859132094,12.706927639617403,9.958552715431011,12.608485856495319,13.265761535294137,12.612638163604771,12.43905168059173,11.90839262077375,12.025831668332026,12.157346935362844,12.045759661382682,12.617467465294196,13.152918576136623,11.394462694610317,12.834668557690861,12.41679752760606,11.455840909126398,11.613329054371054,11.79685079526716,12.254438148267257,12.036860446673046,11.794415866350105,12.238404739325079,11.679040186393062,12.21856323619027,12.20181761666792,11.131856960608793,12.888553007579214,11.949097155729207,12.492604304386683,12.71960272783563,12.665557989846414,11.38586240064146,12.118941072723507,11.359200485133632,11.442425193331607,11.892922223630592,11.90613899619538,11.527477006060396,9.873444112515376,12.16867211813223,11.79968636133125,12.749450465569916,11.957102041562287,12.702172685365548,12.135067945777816,11.154818109052105,12.998237821888047,12.268249571994492,12.558420713268664,11.44604940671655,12.455840909126398,11.927777962082342,11.040289721025717,12.32333628928017,12.749031382040204,13.258713240159219,12.50084187955693
CXCL12,12.943064208162003,10.677719641641009,9.552669097514272,12.822570830950168,10.79603960882977,10.443979542601253,12.408064319914672,11.005624549193879,10.46352437327118,10.177419537989236,8.471675214392045,10.642954223480332,8.81698362325538,9.515699838284043,9.417852514885897,12.367687756270046,10.214319120800766,11.25502856981873,10.907641803665527,8.842350343413807,10.0,9.930737337562887,10.421012855779226,11.835260918627489,11.931106833029341,11.18239435340453,12.709945380232497,11.919608238603253,10.63390340934852,10.347621368568134,10.923327485419192,13.41481734468885,11.034798962577268,14.023147905893026,10.328674927327947,7.60733031374961,10.967226258835993,9.567956075415466,10.397674632948268,13.607561496354206,11.35974956032233,10.413627929024173,10.1357092861044,10.019590728357882,10.756556322524087,9.917372079476841,11.204571144249204,10.820178962415188,8.900866807980748,13.717033749490891,13.281495414799457,12.117318426010003,11.944346034137833,8.807354922057604,13.225358086454513,14.298277409005193,11.958915156091349,14.38302922108422,8.857980995127573,13.055960234452295,13.052398232071583,9.405141463136344,13.61735266958768,10.513727595952437,8.879583249612784,11.922584402713664,10.462502272597265,10.030667136246942,11.965784284662087,11.304921669581672,9.73978060977326,11.788718332690458,12.242280950302444,13.852822076081283,13.561645948816334,12.351215321855607,13.27772328161035,12.010877723007034,11.568906154502084,11.755722153642282,11.533816389433365,10.690871009292314,12.705200378063116,10.787086324551616,9.030667136246942,10.794415866350105,9.994353436858859,12.770044400296825,10.048486873992337,8.149747119504681,10.211888294546004,12.187970591984199,12.645883554519004,8.876516946565,12.50308035175293,9.461479447286155,7.098032082960526,13.798775537031908,14.105990328791846,9.932214751968385,10.959277505720502,11.437752072323603,8.475733430966399,10.111135670234708,10.687375683437468,10.140829770773001,11.121533517340032,11.729620743553038,13.925461718703762,11.519144787997414,11.897845456005511,13.251038527213534,9.375039431346925,10.621136113274641,9.870364719583405,10.118941072723507,9.491853096329674,7.826548487290915,10.909893083770042,8.92184093707449,12.812177305514448,13.656313126063544,8.632995197142957,12.888362741170644,12.859534786382653,13.415873780463938,13.753843508311638,9.419960177847889,11.1767964781476,11.620219825507487,13.487840033823051,11.754887502163468,12.79400964502097,10.460455896309636,12.540370243743567,9.943979914343739,8.388017285345136,11.692179576312538,9.832890014164741,12.792586968947914,14.099594375768117,10.130570562805426,12.073137383110383,10.129283016944967,10.699572453287269,10.564149489985732,13.479401355283418,11.844705764411938,10.696098170955864,10.434628227636725,12.478769619475763,10.044394119358454,11.897089128312755,13.514714054138487,10.60733031374961,11.335390354693924,12.010178404020541,11.947636937951827,11.474212937193943,10.59618975614441,10.156083076288681,11.703038388986418,10.473705749619416,12.418116141207488,14.046612469258132,10.57459352733761,7.857980995127572,12.852919585123995,12.502583213553354,12.237209960755022,10.357552004618084,11.311180660053354,13.682884885545228,6.794415866350106,12.509775004326936,10.055282435501189,10.857980995127573,12.58777751632821
POSTN,12.728770849542663,13.064405961891042,15.571723021504285,13.795633844506778,14.61004437250517,13.58625339806598,12.994176625161732,15.27819533798263,12.813981551614678,14.463141170371706,14.855501176277166,12.44449728710381,12.363860976729532,13.338736382573916,10.689124404913258,12.962534563511271,13.646108641506103,15.102959885910124,10.13699111208023,13.22866840193479,10.51865315567339,13.693160223256985,14.436321149754669,15.721099188707186,15.802819250816214,14.184487969428822,12.554828641429854,15.331581787121472,14.39747409616478,14.732220433766596,15.916812497709833,13.099347810403193,11.4893462407191,15.564774697046058,13.399277924508967,5.0,14.287135186086704,12.729408316984019,13.282219695672588,13.077650248529643,14.163335192081961,14.403278375471052,13.578608560737752,13.514467502819269,14.159319501287046,13.388151858829762,14.179675876924863,14.781820728471791,11.206403913973848,14.974235317355356,14.211812265190192,12.448116305409464,14.330146600438278,13.332735901247947,12.56724310527944,13.947728244875114,15.240605021702489,13.575184674668517,13.288000889707574,14.92985940637151,16.315644908197953,13.493355121494906,15.251630341411513,14.652228783765496,13.624681241788936,13.733439082899434,13.10443495055075,14.968711786725157,15.321998537261384,13.1767964781476,15.320483267724835,14.322702771894567,13.866795958511538,14.063900610128893,14.92300243382903,13.83851456335862,13.425084743242847,12.79968636133125,16.412735223313167,15.141747934750379,14.929905626598046,12.848818520317238,15.61585949358308,14.22015156610292,11.31797782240712,12.7300455028792,6.658211482751795,13.909893083770042,13.603278609868399,8.224001674198105,10.302638923787553,12.899168076134323,7.321928094887363,9.83605035505807,15.775635998853197,11.90613899619538,12.462502272597265,15.095520648811931,15.512462709866805,12.480032814583948,14.25369978137418,13.119589620741122,13.313591652572708,12.224001674198105,13.945260927339202,15.611313030788999,15.765415608049953,15.843283157445622,17.77756355043311,14.02851044759092,14.542185487502183,14.358719872860956,13.52552080909507,15.768546193999866,11.918117851031772,14.329796338220701,13.969656326855189,11.263856019596082,13.138111776319704,15.661611109515434,13.788412471757002,16.054159130040887,12.617008227651965,15.341935726886604,15.129725740454871,13.977816540594029,15.744413410557655,15.711371220878279,14.240791332161956,14.129846459655072,12.310896748797713,15.903858315158052,16.68611747932168,11.690871009292314,16.528133571224668,14.445273555640638,14.75143945153796,16.16042296127159,13.247334178028728,15.330566802880343,14.039861507244149,14.274305346855346,14.96956639729051,13.062720767165045,13.44643717584693,13.577546844726958,12.295194955880655,15.855038777916633,14.602176895388826,13.448245388310358,15.924626959905327,15.175432595908642,13.456739424684265,15.717221225525615,13.189670152603753,12.466076461396252,13.651051691178928,14.059259951845055,16.557059771817936,9.449148645375436,14.485955061157062,15.067224260556507,15.312173909690445,15.039476006139825,17.045844964858887,14.16317792440416,13.589768167648069,14.090856737681774,13.754052367528924,14.341379828588275,14.403078616159231,16.403311666000768,14.22407706390057,11.604089861469179,12.775404519503981,15.565667380253045,13.392585756275468,14.26473580113014
HIF1A,13.275251543470327,13.24123837912341,11.907266248531066,13.633562896768938,11.924441392339197,12.357826882210777,14.537825059241825,12.442684367865834,12.347898144596012,12.233619676759702,12.804332726187615,13.295051425557611,12.017852331905962,12.620907095885338,11.679040186393062,11.877284133523196,12.58777751632821,12.986730898175647,9.829722735086058,13.226261653315504,12.355626393637916,13.581789028741815,12.527965641133955,13.979782430703086,13.44940661498558,14.10410728871857,13.217957697864113,15.195449108073895,12.667333341605158,11.543031820255237,13.203653885529597,13.469514634708391,12.483311954999353,14.31875462290802,11.33427328530719,8.400879436282183,13.663558104217273,12.939946452458686,13.377617247970784,12.930552554336135,13.867568330900134,12.780129619625306,13.5980525001616,12.402479172214964,12.732379446391358,13.183480311333778,12.817783121774534,12.404343291585755,12.901244032467376,13.33525076831281,14.339432495996776,12.084808387804362,13.028769420523412,13.35356038291553,12.197523878257787,14.167810129271423,13.01297364837454,14.540794004957037,11.255618749839597,13.173208652765974,12.840187824040482,13.287423811683523,13.391780606013166,12.750706986224948,12.935533412950747,11.91026795581084,12.913263430628762,13.581906689308768,14.092757140919852,12.548581118165128,13.305634287546711,12.161446847518008,11.790348496751914,13.859243577962982,13.38720958071964,13.36139553316589,13.186423797538945,13.830812271744879,13.565697126849214,12.706496018061188,13.204112587787996,13.692506532697143,14.157662727208448,12.914011328541255,12.822172461476178,12.333155350310616,12.30577676890981,14.606347374181095,12.526988205432007,11.229419688230417,12.133784409179908,11.557942286787448,10.606405212697785,11.390706372872774,13.179753618810421,12.398476501449256,12.493355121494906,14.034884916584913,12.618614920250803,13.87987038167481,11.611024797307353,13.033939140726387,12.255323690008137,13.088291357347817,13.91625269881221,13.076314574284591,14.377956091723872,14.563911244581691,14.450244697790907,13.695880750257556,13.3292357417338,14.12015686119476,13.758223214726724,13.136830946102725,13.740834826145262,12.862831046897997,12.418116141207488,13.211888294546004,11.876516946565,14.222266622827357,12.711021616791836,13.696641579392319,11.95637615724967,14.63117705570398,15.286052325538314,12.680359523513713,14.302139091305321,12.818981539432443,13.167261322630226,13.649929757036618,13.792688635206432,14.398743691938193,12.846273911349906,11.57742882803575,13.536975665610642,13.128960950855697,13.370006215500881,13.848231701093818,13.083313108650756,13.615169813843602,14.140989493445833,13.579669495979257,14.062636455734644,12.250002267840449,12.57742882803575,11.359200485133632,13.389093521904474,12.936637939002571,13.676508079524549,13.646896169523961,12.769011321097015,13.31628153174622,12.240791332161956,14.142984536274048,12.034111146096592,12.778898476008376,13.520373136339725,13.363039630256514,13.992141731625926,11.730894646541671,12.80996904717615,13.724620431263602,13.483311954999353,14.121533517340032,14.466650059591162,12.772314573921653,11.578372691360805,12.978174174468169,12.622738217871143,11.486835021563051,12.227014193649133,13.321505368398752,13.148953164809123,12.14306428063141,13.266200912498961,13.897845456005511,12.058668250340572,13.22866840193479
VEGFA,11.841171189248543,13.88902856384844,14.273795599214264,12.258271576282851,11.684748620421626,13.42574042431621,12.461735221604863,12.199672344836364,12.982280604558284,12.64250302878052,14.503390976157377,13.64577099785494,13.156557153199971,12.786882193664699,12.315715658022201,12.0877943047879,12.550025257465784,13.686172206671833,9.960001932068081,14.200668760630073,12.988862172783449,13.354800344350597,13.129121992887555,14.182161541746312,12.697184783224516,12.624338545312986,12.820777301419087,13.619188305672639,13.532599438672984,12.379919817646538,14.816183681432342,13.039604517953759,13.880157456601811,12.279030136449649,13.237807473723135,9.204571144249204,13.286702139395507,12.785452468158542,13.492604304386683,12.96974625081451,13.827739648806956,13.550626555786867,14.148238231811645,12.780129619625306,12.824958740528523,14.020893152424751,12.397941971972639,11.658657792126085,12.09077405464075,12.746304367701304,12.996120363033047,11.281350514981035,13.504198286749503,14.349903184392817,11.94104760634058,13.451211111832329,12.976027040189834,13.49847527373576,11.395534135462302,12.260625556068227,12.308339030139408,13.063900610128893,11.722380635163802,13.237508748172656,14.043027283594547,11.858758099935422,13.957555533861902,13.237508748172656,14.51625404600232,12.563672959827514,14.203500952361395,11.895575282380685,11.387478865842379,13.249706056969705,11.650603022215309,13.59700500260697,12.015415052386688,13.120723878707812,12.77704978843883,14.224001674198105,13.597470650974085,10.679480099505446,13.043027283594547,13.296629474285503,14.361806733123323,13.51791539291587,13.160501747555687,13.33901486825008,13.482051629033913,11.239001757765582,12.822371659963327,12.943613701614042,11.39231742277876,11.84901407369482,12.195679785495981,13.140190703191836,13.455969302758032,13.148794321424335,11.350386742312843,14.7501835689421,12.702389159976336,12.80896417491926,13.75509621030718,13.304779103739282,13.171020382511934,12.800090987624994,14.054604317960672,14.6965329140783,13.853309555403674,12.207929445511667,14.273795599214264,12.738303411474638,14.065079488999862,13.624795455860237,14.664502840126502,12.833483105659585,12.163649676015824,14.329025461878082,11.985130373466898,14.92012020394292,13.077983973962752,12.281930026955443,11.724940118462358,12.929073435876813,13.322209843748894,11.726218159332198,13.578254742209703,13.45532722030456,13.824958740528523,12.854089179870574,13.231671202562785,14.357002092264985,12.964160339100337,16.124020313177418,13.788106545965245,14.934151565163779,14.281930026955443,13.4261336899697,14.108524456778168,12.838416075797337,13.422196201060244,12.870172039110212,13.48167331644727,13.417720683658056,13.123636453803824,12.818582177480858,12.791162888555018,12.627305880514848,12.618844301766652,12.359200485133632,13.271608924151744,13.933321820732946,12.660218788535618,13.164749830248148,10.767356854125685,12.107870914279614,13.567361958106535,13.468878553819426,13.068106475858773,13.028769420523412,12.555068391333338,14.871760883948646,13.912795797471484,12.34568244818678,14.428948961075143,12.97513145692134,11.825356341479335,11.87305954766147,11.481294904631097,11.967586527296072,10.838416075797337,12.878817284614229,11.828533210455618,14.414553114827143,12.221587121264806,13.312599378862629,12.584022940257542,13.88350245008011
KDR,11.41574176829009,9.489847960439297,8.791162888555018,11.386401423640777,8.879583249612784,9.896332403909941,11.938844457466171,10.001408194392809,10.363039630256514,10.52943055414615,9.405141463136344,10.445014845868423,8.88264304936184,8.826548487290914,9.134426320220927,10.226412192788786,9.12670447284319,9.632995197142957,7.6865005271832185,10.138271800172221,8.918863237274595,9.89178370321831,9.761551232444479,11.27786854617684,10.488844346457336,10.711666973564347,11.81177605532666,11.397674632948268,10.066089190457772,9.152284842306582,8.603626344986193,11.171802288682983,9.964340867792417,10.962173031109709,8.335390354693924,5.882643049361842,11.036173612553485,9.477758266443889,10.400879436282183,11.193525360501216,10.599912842187127,9.398743691938193,10.216745858195306,9.519636252843213,10.50084187955693,11.522091068887065,8.754887502163468,10.533329732305834,9.407267764244732,11.488844346457336,11.122827994807666,10.007027266893969,11.054604317960672,7.948367231584678,9.975847968006784,12.029287226968245,11.615169813843602,12.47192918764169,7.636624620543649,10.78135971352466,10.481799431665753,8.558420713268664,10.857980995127573,11.395534135462302,9.092757140919852,9.705632387361415,9.848622940429339,10.547858506058416,12.250298417906333,9.873444112515376,9.682994583681683,8.867278739709661,10.048486873992337,11.255618749839597,11.124767535822473,10.585901449690772,10.838416075797337,10.641148597411233,11.011227255423254,9.377210530388552,10.826548487290914,10.945443836377912,10.122827994807666,9.83605035505807,8.252665432450248,9.774787059601174,11.789126046425231,11.917745013443216,10.715961990255144,7.266786540694901,12.642954223480332,11.809768128710413,9.906890595608518,9.036173612553485,10.682116764950074,9.50382573799575,10.697836357962377,12.086467993464069,11.091435386323607,9.445014845868423,9.654636028527968,9.923327485419192,8.879583249612784,9.216745858195306,11.133142212400601,9.702172685365548,10.62935662007961,10.98299357469431,11.249113452713729,10.094077685671905,10.878050912728536,11.985130373466898,9.426264754702098,10.188588845707349,10.31628153174622,9.13699111208023,8.693486957499326,9.236014191900084,10.271463027904375,9.951284714966972,9.821773981970567,10.579315937580015,8.011227255423254,11.776433032444734,12.068778277985412,10.927777962082342,11.482303782323182,9.13699111208023,9.851749041416058,10.461479447286155,11.302638923787553,12.091104758376499,11.10459875356437,10.899356922923111,11.264442600226602,9.357552004618084,9.041659151637214,10.702172685365548,9.991521846075695,10.826548487290914,12.529918528120325,10.824958740528523,10.759888183221834,8.794415866350105,9.326429487122303,8.686500527183219,10.399811959325685,10.824958740528523,9.531381460516313,10.429406741513981,10.157346935362844,9.531381460516313,10.079484783826816,11.451211111832329,9.207014320177532,9.96289600533726,11.486835021563051,11.090112419664289,10.507794640198696,8.957102041562287,10.004220466318195,8.768184324776927,9.787902559391432,11.490349505739287,11.486835021563051,10.269126679149418,8.851749041416058,9.761551232444479,10.634811050171718,8.810571634741146,9.584962500721156,11.204571144249204,11.10459875356437,7.994353436858858,10.100662339005199,8.974414589805527,8.997179480937621,10.80896417491926
FAP,11.523561956057012,9.52943055414615,10.599912842187127,11.695663296788021,10.907641803665527,10.468624042918018,8.584962500721156,11.475226777742266,9.936637939002571,11.134426320220927,10.494855584491198,8.876516946565,8.686500527183219,11.047805554007589,7.960001932068081,9.499845887083206,9.417852514885897,11.187352073200497,5.727920454563199,9.216745858195306,7.94251450533924,10.197216693110052,10.675074920385445,12.372865060112588,12.156083076288681,10.712527000439824,10.376125389276174,11.047123912114026,10.64745842645492,10.640244936222345,12.644306961545581,10.507794640198696,8.971543553950772,12.035486451292154,9.677719641641009,0.0,11.203348002979762,9.189824558880018,9.663558104217273,10.703038388986418,11.984062369686436,10.053925881531105,9.271463027904375,10.523561956057012,10.08214904135387,10.43879185257826,9.566054038171092,10.421012855779226,8.531381460516313,11.432541900388259,10.717676423066395,10.023754353299417,10.46352437327118,9.353146825498083,10.47269083924278,12.313449940963057,12.227916724201489,12.730682407476797,8.933690654952233,11.899356922923111,12.192909219112012,10.805743872151618,11.445014845868423,8.614709844115207,9.805743872151618,10.762382038710392,10.640244936222345,11.216745858195306,12.221285017810473,9.457380879072534,11.064742764750257,9.581200581924957,9.779719355143405,11.212496385193948,12.134426320220927,10.443979542601253,11.623881490013458,10.71853287606922,12.498849206531725,11.344295907915816,11.745674324002135,10.678600139099458,12.146886835415884,9.897845456005511,8.087462841250339,9.581200581924957,5.087462841250339,9.917372079476841,10.330916878114618,6.459431618637297,6.6865005271832185,8.703903573444663,6.266786540694901,4.169925001442312,11.7431513941125,8.74819284958946,4.954196310386875,11.943613701614042,12.140190703191836,9.88264304936184,10.504818987632841,9.344295907915816,9.411510988012072,8.997179480937621,12.091435386323607,11.534789211480266,12.632768054728745,11.55170826162069,13.81418188419028,10.642954223480332,11.046441948007311,12.014020470314934,10.862637357558794,12.215532999745657,10.083479327331842,10.778077129535358,10.047123912114026,8.661778097771988,9.94251450533924,11.94800213097767,11.719388820942083,12.558898981146703,8.707359132080883,11.884170519108435,12.911017407796985,11.015415052386688,11.77066389291676,11.230020435705635,10.320800548881637,10.484822894262146,9.521600439723727,12.669992279616398,12.830713256951874,7.721099188707185,12.422064766172813,10.352043425795433,10.208234358339789,11.701306461958625,10.50084187955693,11.855647166027266,12.154818109052105,10.714245517666123,11.94178124227853,9.245552706255681,9.897845456005511,9.479780264029099,9.847057346091336,12.511011352882239,10.79197682089869,9.861086905995395,11.713816080234498,11.246146774635864,10.562242424221072,12.448374459662794,10.309476353841106,9.972979786066292,10.852529509404196,10.884933647949762,11.964340867792417,7.2384047393250786,10.466586337719244,11.06204613772049,11.191059214531656,11.74819284958946,13.369461030783617,10.74819284958946,9.943979914343739,10.29920801838728,10.677719641641009,10.188588845707349,10.453270634010623,12.481547190203287,10.33427328530719,8.86418614465428,8.379378367071261,11.16679075071818,9.262094845370179,11.859922972861758
COL1A1,18.34878001398153,17.023126242341572,18.823351689389845,18.031749656426292,18.493886713964482,18.248803164342053,16.182646523645396,19.99634245607882,17.460815821227943,19.53150901580387,18.283802793547167,15.583846704529462,16.453897560749308,19.215765227351508,15.363963612168048,16.196832619673582,17.433634338608204,18.862561690597303,14.88264304936184,17.55112243830579,15.220982851081777,17.43632114975467,19.154593164760794,19.186950860656655,20.336649293295146,18.475143637954673,18.527194438393426,18.481791549787573,17.90733080402767,18.577779161878752,20.669026038639377,16.819617794135798,16.10656294044488,19.89178815231211,18.826238127505857,10.373952655370193,18.410571427548458,16.354128830865925,16.972497461304798,17.743828550610367,19.4436497881262,17.35242281463683,17.668116298496766,17.22019881104065,17.78808104922077,18.34036736980801,17.79423181148208,19.336462974252388,15.64577099785494,19.12185977445383,18.43765049110683,17.847240902084927,17.44751914671325,17.094252979628667,18.321628676420076,18.731060436588773,19.677618143527788,17.38854709586033,17.94966145326865,19.335471046910026,20.391950479795728,18.183775899391282,18.128638812852596,13.411246151840444,17.33655886074161,18.425474089819108,18.55884667831925,17.89825299948295,19.197586267249452,17.687956548703152,18.50105966128289,17.276969486841438,17.113538703056356,18.846377985779025,19.834995620363404,18.05079458250458,18.505780546557478,17.958637670630665,19.406993846626147,19.09350783317147,19.42109095360886,17.166114034575607,19.441284677243978,17.935389532212294,15.62662165235837,17.222681716285873,12.453527867681785,16.970948445255615,17.8190376908418,14.140270602122484,14.611313030788999,15.990126128987145,11.961811408087163,12.092426815780255,19.20100872584202,16.70457913797038,12.536732889835415,18.870614563751072,19.17682569008945,17.637396113343815,18.141039403154892,16.91079495486971,17.498833627933436,16.83535962180824,18.55397045983007,19.302884313853408,18.855908694056456,19.424010421559284,20.44799427110945,17.494457176189457,18.656969458302367,18.678527931021815,16.280625797509177,20.900628044642918,17.621286386181488,18.529971890261642,16.14035049662844,16.699680889909583,17.594732812067843,19.078479205353478,19.49558181062664,20.66671291033859,18.183044087183113,19.031878858300267,19.332984963836548,18.585101914587156,18.37844304023421,19.005651959086723,17.67386803368119,17.71675918704944,16.789953860393485,18.82269218728856,20.28290516413578,15.793425501398657,20.44500170702496,18.698273969519224,18.00743796116542,18.57812572428323,19.089584961965922,19.628417059615995,17.904734570180402,19.12191035034654,18.623585040810905,17.208167664165035,18.0038802093466,17.66177114031385,17.748775943306377,19.370157382589003,18.716528112309724,17.991632559460157,20.571348065506044,19.49316549884724,18.10058534887028,18.84501217708526,17.398384643288747,18.082596071134446,17.851700248145033,17.59326709937998,18.723380973833727,14.897703674762129,18.163448217637075,18.356288612350223,19.215914496789562,18.31639202805393,20.98943885156833,18.4471841454503,17.985286057982197,18.19045648733031,17.317889523151894,18.67255655539477,18.558480505424875,19.84764770129606,18.720017082210003,16.785171462651633,16.156221364814154,18.834282775280297,17.471659339579343,19.326282446785594
CD163,13.134586753364365,11.552188759557149,11.665335917185176,13.800192126469081,10.161131882984307,10.95637615724967,12.925368991574452,10.369597346278677,11.258566033889933,10.825753832883112,7.459431618637297,9.614709844115207,7.409390936137702,12.450953464712992,7.876516946564999,10.83605035505807,11.122180901259753,10.103287808412022,9.030667136246942,7.813781191217037,10.211888294546004,11.18239435340453,10.184875342908283,13.064405961891042,11.428360172704291,11.356451970221755,9.96289600533726,11.510764167917891,10.127994320976393,8.909893083770042,14.28814512315342,11.757390009366638,9.411510988012072,13.816183681432342,10.064742764750257,7.189824558880018,13.463396650280446,9.310612781659529,10.163649676015824,11.136350341454156,11.12088584278779,11.216139556425135,11.830911279742782,9.273795599214264,10.433585441150495,12.101319154423276,9.932214751968385,11.16679075071818,9.909893083770042,11.606405212697785,11.717248005827646,12.617467465294196,9.897845456005511,8.413627929024173,11.837233700339088,13.959820859580754,11.741466986401146,13.799888688663591,10.365228849251544,12.155766938445653,10.759888183221834,10.025139562278508,14.559974504523746,7.622051819456376,10.960725994839057,10.879583249612784,11.342630298678408,11.381542951184585,13.407666097055017,10.484822894262146,10.539158811108031,12.195679785495981,11.187352073200497,11.169298695792845,12.970105890612182,12.298635406734242,13.216139556425135,11.523561956057012,12.429145170478744,10.811374693509942,11.439311461818846,11.564625862795372,11.842743180731658,11.328113894833656,8.194756854422248,9.971543553950772,9.172427508645482,10.944712061043486,10.019590728357882,6.882643049361842,9.584962500721156,9.31741261376487,8.614709844115207,10.087462841250339,11.239001757765582,9.105908508571158,7.417852514885898,14.221209482061306,13.09077405464075,9.036173612553485,8.405141463136344,9.837627933171404,8.459431618637296,10.3409627642517,14.018026265843226,12.63026712502677,13.639340708652231,12.783816759320182,13.594091290260412,13.236014191900084,11.432019846812493,13.843430388752969,10.871905237659186,10.034798962577268,10.868822554774999,10.414685235807214,9.207014320177532,7.515699838284043,11.909893083770042,10.105908508571158,12.106890045092218,14.33734314727405,7.417852514885898,14.126301158691982,15.412801368608713,11.247334178028728,14.626108268197486,12.226111098132389,11.897845456005511,11.860311054919482,11.984062369686436,13.58777751632821,13.026523442519766,8.011227255423254,12.04746477331842,10.40832974076739,8.409390936137703,13.447470717605748,9.823367240046235,12.722807531169547,13.49859992877026,11.271463027904375,12.777255315191923,9.79603960882977,11.240791332161956,10.022367813028454,11.852139328187244,12.11178773580101,10.622051819456376,12.556745526004686,9.968666793195208,11.01262453886506,11.152918576136623,13.531868775177553,10.329796338220701,12.289154353723356,9.344295907915816,11.388017285345136,13.507423019098228,7.129283016944966,11.675074920385445,11.215532999745657,12.001760028327217,12.1767964781476,12.7737573721398,11.433585441150495,8.912889336229961,11.541096615349524,11.482303782323182,11.53430288245463,10.178664851006472,12.350662988372257,12.922770209274663,7.383704292474052,11.080817527608327,11.098032082960527,9.014020470314934,12.559138055642384
CSF1R,12.62548055047108,11.744413410557655,11.888743248898258,13.43827205612483,9.92035285541508,10.354249381945241,12.877475866534427,11.687813062564931,11.73809225962049,11.21006248324023,7.882643049361842,10.079484783826816,8.483815777264256,12.251778257035868,9.612868497291041,10.860311054919482,10.615629636968098,10.259743263690781,9.837627933171404,9.566054038171092,9.726218159332198,11.70173963867435,11.114393054867307,13.136830946102725,11.802112418586066,11.46352437327118,10.959277505720502,11.7657004876511,10.979425195331473,9.403012023574997,12.019590728357882,11.619761463298424,10.00982861736811,13.053756222562145,10.930737337562887,8.988684686772165,13.152284842306582,9.778077129535358,11.18239435340453,11.369597346278677,11.21856323619027,10.810571634741146,11.887982133058454,9.805743872151618,10.352043425795433,11.877667574067882,10.00982861736811,11.16679075071818,10.759888183221834,12.609640474436812,11.277287400130357,11.782588759494963,10.52061868055628,8.584962500721156,12.276124405274238,13.93939556018156,12.072467608241858,12.957827560833744,10.918117851031772,12.843332236217577,11.375582512490507,11.874597192401634,13.549303368513575,8.682994583681683,11.086799685623452,9.843921051289035,10.99929538702341,11.741466986401146,13.719067901122965,11.481799431665753,10.222794902868111,12.088788238716907,11.552669097514272,12.13699111208023,13.448374459662794,12.655977862486942,12.661778097771988,12.207624468226758,12.238703279427725,11.213711798105672,12.203959703239462,11.658211482751796,11.945443836377912,11.210671343785622,9.06339508128851,10.75905593916017,10.378294855911891,11.4189067312579,11.212496385193948,7.076815597050831,10.970105890612182,11.261507309202056,9.221587121264806,10.347621368568134,11.375582512490507,9.63117705570398,8.562242424221072,13.169611882604212,12.51791539291587,10.393390457443987,9.57553924683453,10.508785162064513,9.519636252843213,11.124767535822473,13.25782977715495,11.860699032611988,12.699355555588463,12.315432637905376,12.80231440599149,12.310896748797713,11.545929769085467,13.040632200562253,11.023061249735335,10.618385502258606,11.70865283568653,9.805743872151618,9.236014191900084,9.918863237274595,11.328674927327947,10.702172685365548,11.706927639617403,12.737881076857779,7.294620748891627,13.268249571994492,14.53393802806932,12.240493223876799,14.07028868996168,11.11829223302699,11.322491537597468,11.971184272404678,12.380461065088973,13.236911111444602,11.884170519108435,10.25502856981873,12.357002092264985,10.63026712502677,8.214319120800766,12.49859992877026,11.491853096329674,12.217957697864113,13.332176446062695,12.233020426474496,12.128316602903544,10.037546953962178,12.122504484313904,11.384783750093353,12.108851117040153,11.79968636133125,10.677719641641009,11.719388820942083,10.96289600533726,9.905387005018131,11.654188473059545,13.083479327331842,10.749869427396844,11.992584344005802,11.067434360756522,12.045759661382682,12.19075064966236,8.238404739325079,11.752798758435516,10.020979938904212,11.832494484336113,12.852919585123995,12.198138052401116,11.576484346796851,9.632995197142957,12.032734528586714,12.502831804066744,11.817383427897232,11.200285605224298,12.730257835654754,12.845686055977064,8.611024797307353,10.827342704234116,10.84313591111135,10.365228849251544,12.668220198888895
FOXP3,7.257387842692652,8.087462841250339,8.787902559391432,9.381542951184585,5.807354922057604,7.266786540694901,7.882643049361842,7.960001932068081,8.76487159073609,8.81698362325538,5.285402218862249,6.475733430966398,5.247927513443585,7.774787059601174,5.392317422778761,7.098032082960526,7.882643049361842,5.20945336562895,3.4594316186372973,5.554588851677638,5.832890014164741,7.971543553950772,7.491853096329675,9.38586240064146,8.071462362556623,7.285402218862249,8.228818690495881,7.7073591320808825,6.741466986401147,7.022367813028454,7.022367813028454,7.721099188707185,6.6865005271832185,9.493855449240822,7.22881869049588,3.321928094887362,8.049848549450562,6.3750394313469245,4.700439718141092,7.499845887083206,7.076815597050831,6.906890595608519,6.768184324776926,6.285402218862249,6.78135971352466,7.118941072723508,5.643856189774724,7.189824558880018,6.044394119358453,9.157346935362844,6.129283016944966,7.734709620225838,7.159871336778389,4.643856189774724,8.262094845370179,9.787902559391432,7.357552004618084,8.055282435501189,7.22881869049588,9.03342300153745,8.049848549450562,6.845490050944375,8.049848549450562,5.426264754702098,6.794415866350106,7.108524456778169,6.672425341971495,8.584962500721156,8.531381460516313,6.700439718141092,5.614709844115208,7.467605550082998,6.569855608330948,9.778077129535358,8.611024797307353,8.071462362556623,7.94251450533924,7.924812503605781,7.442943495848728,6.266786540694901,8.243173983472952,7.554588851677638,8.422064766172813,7.426264754702098,7.303780748177103,4.523561956057013,5.392317422778761,6.303780748177103,7.888743248898259,3.169925001442312,7.03342300153745,6.507794640198696,3.169925001442312,5.754887502163468,7.303780748177103,5.20945336562895,3.9068905956085187,7.6865005271832185,8.451211111832329,6.459431618637297,7.693486957499325,7.714245517666122,6.169925001442312,6.894817763307944,8.854868383260236,7.098032082960526,8.717676423066395,7.383704292474052,7.3750394313469245,8.055282435501189,8.370687406807217,8.0,5.169925001442312,7.475733430966398,7.257387842692652,6.523561956057013,5.357552004618084,5.643856189774724,7.459431618637297,6.169925001442312,6.523561956057013,7.129283016944966,4.700439718141092,7.900866807980749,8.214319120800766,7.794415866350106,10.468624042918018,6.882643049361842,7.0,7.954196310386875,6.768184324776926,9.388017285345136,7.348728154231077,4.523561956057013,9.174925682500678,6.189824558880018,5.20945336562895,7.700439718141092,6.339850002884624,7.768184324776926,8.573647187493322,8.224001674198105,7.98299357469431,6.491853096329675,7.303780748177103,5.954196310386875,7.098032082960526,7.813781191217037,6.247927513443585,8.257387842692651,6.584962500721156,5.0,7.044394119358453,9.184875342908283,6.882643049361842,6.977279923499917,6.087462841250339,7.851749041416057,7.459431618637297,4.459431618637297,6.768184324776926,5.78135971352466,5.321928094887363,8.94251450533924,9.194756854422248,6.754887502163468,5.672425341971495,10.30149619498255,7.584962500721156,7.539158811108031,6.569855608330948,6.754887502163468,6.930737337562887,5.523561956057013,10.383704292474052,5.906890595608519,4.857980995127572,7.900866807980749
IL10,4.584962500721156,3.9068905956085187,2.321928094887362,5.643856189774724,3.9068905956085187,4.087462841250339,4.247927513443585,5.614709844115208,4.087462841250339,3.9068905956085187,1.584962500721156,3.807354922057604,4.0,4.321928094887363,1.584962500721156,4.087462841250339,4.247927513443585,4.169925001442312,3.0,3.4594316186372973,4.700439718141092,3.4594316186372973,6.108524456778169,5.672425341971495,5.087462841250339,3.700439718141092,5.247927513443585,5.459431618637297,3.700439718141092,4.247927513443585,4.857980995127572,5.20945336562895,4.643856189774724,6.392317422778761,3.0,6.392317422778761,5.614709844115208,2.321928094887362,2.584962500721156,5.523561956057013,2.807354922057604,4.247927513443585,3.807354922057604,3.700439718141092,3.0,4.0,3.0,5.491853096329675,3.321928094887362,5.643856189774724,5.954196310386875,3.584962500721156,3.700439718141092,2.321928094887362,6.149747119504682,7.118941072723508,4.169925001442312,6.303780748177103,5.044394119358453,4.0,4.754887502163468,4.954196310386875,8.098032082960527,1.584962500721156,2.807354922057604,3.807354922057604,2.807354922057604,4.247927513443585,6.3750394313469245,2.807354922057604,4.247927513443585,4.523561956057013,4.0,6.066089190457772,6.714245517666122,4.169925001442312,5.169925001442312,4.584962500721156,4.169925001442312,4.459431618637297,5.087462841250339,2.321928094887362,5.247927513443585,2.807354922057604,3.169925001442312,1.584962500721156,3.700439718141092,5.129283016944966,3.169925001442312,0.0,2.321928094887362,4.087462841250339,1.0,3.0,5.426264754702098,2.0,3.0,5.857980995127572,5.554588851677638,2.807354922057604,3.4594316186372973,3.169925001442312,1.584962500721156,4.754887502163468,4.700439718141092,4.247927513443585,5.321928094887363,4.584962500721156,4.0,5.044394119358453,5.247927513443585,6.475733430966398,4.247927513443585,4.700439718141092,3.584962500721156,4.0,3.807354922057604,2.807354922057604,3.169925001442312,3.9068905956085187,4.700439718141092,5.906890595608519,1.584962500721156,6.129283016944966,5.977279923499917,5.247927513443585,6.894817763307944,3.807354922057604,3.807354922057604,5.20945336562895,6.266786540694901,5.554588851677638,5.044394119358453,1.0,5.491853096329675,4.169925001442312,3.169925001442312,6.507794640198696,3.584962500721156,4.857980995127572,6.599912842187128,3.4594316186372973,5.930737337562887,3.584962500721156,4.857980995127572,4.0,6.247927513443585,4.954196310386875,5.554588851677638,4.954196310386875,6.6293566200796095,3.0,3.169925001442312,5.78135971352466,3.9068905956085187,3.700439718141092,5.0,4.857980995127572,4.523561956057013,2.0,3.807354922057604,3.321928094887362,5.392317422778761,4.523561956057013,4.954196310386875,3.807354922057604,3.4594316186372973,5.700439718141092,4.754887502163468,4.643856189774724,5.392317422778761,4.169925001442312,5.0,2.321928094887362,5.087462841250339,3.807354922057604,4.087462841250339,5.044394119358453
