sample_id,case_id,case_submitter_id,sample_type,project,file_uuid,file_name,workflow,access
TCGA-IB-7888-01A,05d2adb3-5c6d-4edc-ba4c-bdbf628f4eee,TCGA-IB-7888,Primary Tumor,TCGA-PAAD,a4d0115d-3bb1-41df-b2a8-823cebc7104a,e8eede96-3043-4c0a-bcd0-7e4281d9f278.rna_seq.augmented_star_gene_counts.tsv,STAR - Counts,open
TCGA-FB-A78T-01A,2ad10199-1381-42b7-b54f-da34c1b1d3c0,TCGA-FB-A78T,Primary Tumor,TCGA-PAAD,f253cd32-9c55-4541-8c6c-5e4a1db99ee1,9e929b5c-ac99-404c-a2f0-d9d8c1079164.rna_seq.augmented_star_gene_counts.tsv,STAR - Counts,open
TCGA-2J-AABI-01A,2aaf212f-000a-4a9d-8a4a-198fa94f491e,TCGA-2J-AABI,Primary Tumor,TCGA-PAAD,fbd81952-f83a-4a24-86f8-5a415a722499,87e3b726-ab2a-44c3-91b0-bebf65ef9404.rna_seq.augmented_star_gene_counts.tsv,STAR - Counts,open
TCGA-HZ-7918-01A,620e0648-ec20-4a12-a6cb-5546fe829c77,TCGA-HZ-7918,Primary Tumor,TCGA-PAAD,649f4d81-a634-4734-ba31-bdeb0877312a,6813be8f-c90b-4505-9293-ed370e771ccf.rna_seq.augmented_star_gene_counts.tsv,STAR - Counts,open
TCGA-2J-AABO-01A,a8c3e333-865d-4060-8ce4-453aa6f9f0e8,TCGA-2J-AABO,Primary Tumor,TCGA-PAAD,4a1c8620-73ce-4be9-ae64-589afb3007d9,4ce54c3c-0ede-4921-8a6f-97478e184c7c.rna_seq.augmented_star_gene_counts.tsv,STAR - Counts,open
TCGA-IB-AAUN-01A,638b1a6a-c222-414c-96bc-f259f0afb278,TCGA-IB-AAUN,Primary Tumor,TCGA-PAAD,84d8e8f1-fe75-46bb-9693-423d055c7fd1,6f02939a-7dc3-47d6-9376-87251ea37d42.rna_seq.augmented_star_gene_counts.tsv,STAR - Counts,open
TCGA-HZ-7924-01A,ad220f0d-06b7-4dad-a87d-36dff31c8623,TCGA-HZ-7924,Primary Tumor,TCGA-PAAD,6adf699d-16b8-436b-add5-93045cdf9b1b,37fee99c-5651-4d5c-ae20-6cf661b96f68.rna_seq.augmented_star_gene_counts.tsv,STAR - Counts,open
TCGA-3A-A9I7-01A,556baca9-03d6-48a3-9216-4fc441e99f90,TCGA-3A-A9I7,Primary Tumor,TCGA-PAAD,3eb32ae7-a542-4c58-8394-fef21dbeaac7,9e5fbb22-7d22-48ae-b077-265c11863dd9.rna_seq.augmented_star_gene_counts.tsv,STAR - Counts,open
TCGA-FB-AAPY-01A,953359da-e535-48e6-97dc-1b4ccad6a671,TCGA-FB-AAPY,Primary Tumor,TCGA-PAAD,0c098157-254b-492b-ad08-54cf813814d9,0c7c39b2-e01c-4df4-bfce-abae7985ef79.rna_seq.augmented_star_gene_counts.tsv,STAR - Counts,open
TCGA-RB-A7B8-01A,5bfe94ed-88b9-44ce-8bbd-1285ab9678a4,TCGA-RB-A7B8,Primary Tumor,TCGA-PAAD,ef0f7a22-52d3-4f00-a5f2-8679f5088430,716865fd-c637-4ab5-b41e-2863ee58734a.rna_seq.augmented_star_gene_counts.tsv,STAR - Counts,open
TCGA-FB-A545-01A,b0cb81ad-3c20-4d56-ab7d-f64c0caee1ce,TCGA-FB-A545,Primary Tumor,TCGA-PAAD,74f8a777-aab6-4e45-b8b7-0bc69b28f809,efd6d79b-58d6-456a-b9c5-da8ee3e32ac7.rna_seq.augmented_star_gene_counts.tsv,STAR - Counts,open
TCGA-2J-AABK-01A,c24c54ea-4095-460d-bb53-e3629a56cd62,TCGA-2J-AABK,Primary Tumor,TCGA-PAAD,3e270d2f-1ba3-4c2f-8eaf-55b97080fdab,aca09caf-1047-4d60-8544-69ba12047a00.rna_seq.augmented_star_gene_counts.tsv,STAR - Counts,open
TCGA-FB-AAQ6-01A,8475c44d-e091-4c65-b1b4-9a77ae3c0e1d,TCGA-FB-AAQ6,Primary Tumor,TCGA-PAAD,8c9053d8-cd32-42f2-a334-532b234edf2d,605193ac-e3ff-4401-9b5d-c8e76a980c37.rna_seq.augmented_star_gene_counts.tsv,STAR - Counts,open
TCGA-PZ-A5RE-01A,c26002e7-abf1-42b9-bf36-0e97249d872f,TCGA-PZ-A5RE,Primary Tumor,TCGA-PAAD,e501087c-0bfa-4447-b7f3-4ca93b4a6c0e,2442dd44-a393-4160-a377-3082a9a825ba.rna_seq.augmented_star_gene_counts.tsv,STAR - Counts,open
TCGA-US-A779-01A,53c94a86-1b4d-4833-a169-d990c460b301,TCGA-US-A779,Primary Tumor,TCGA-PAAD,6671afe0-b094-4d02-8bdf-02e6660cea94,1c6e7117-0a83-4b40-bbce-9cb537343333.rna_seq.augmented_star_gene_counts.tsv,STAR - Counts,open
TCGA-IB-AAUM-01A,cfda26b9-d417-425c-9a72-fa76ca4b296c,TCGA-IB-AAUM,Primary Tumor,TCGA-PAAD,87e328c3-6376-40f1-9305-b2ec852d81d2,68559fae-166e-41ce-be48-cd98d17f8777.rna_seq.augmented_star_gene_counts.tsv,STAR - Counts,open
TCGA-IB-A7M4-01A,6a0a280d-4a30-4071-afe7-de6b82a6e34c,TCGA-IB-A7M4,Primary Tumor,TCGA-PAAD,1c49d2cb-2071-473f-a517-2010e28475ab,002de81c-60f8-4933-a0ea-43701990ac43.rna_seq.augmented_star_gene_counts.tsv,STAR - Counts,open
TCGA-3A-A9IU-01A,cd9dc5c5-1161-43ea-a617-1356a3b23e16,TCGA-3A-A9IU,Primary Tumor,TCGA-PAAD,7ca10400-9647-4766-98bf-b5c8130346d0,a66b9c55-0fcb-4a4b-a470-ce31ab62f91c.rna_seq.augmented_star_gene_counts.tsv,STAR - Counts,open
TCGA-2J-AABV-01A,232073a1-2bf3-4539-a396-bde7836f9aeb,TCGA-2J-AABV,Primary Tumor,TCGA-PAAD,483e03f9-4112-4a4f-9b1b-c6330c4d7527,bcd0d8da-f633-4ee0-adf8-17692d14c20b.rna_seq.augmented_star_gene_counts.tsv,STAR - Counts,open
TCGA-HV-AA8X-01A,16b38977-aea1-4c75-89ec-4fb551f652dd,TCGA-HV-AA8X,Primary Tumor,TCGA-PAAD,44f31ab7-9518-4b29-99fd-9b1247d9d189,23c259f7-c595-41b2-8d82-b740879a3ff6.rna_seq.augmented_star_gene_counts.tsv,STAR - Counts,open
TCGA-US-A77G-01A,74aa6675-28b7-46dc-9015-f07a07c7b018,TCGA-US-A77G,Primary Tumor,TCGA-PAAD,c5b35b34-cf5e-4168-8aec-79a7df72da0e,5d3aa278-9953-4280-a365-5fd092511fe0.rna_seq.augmented_star_gene_counts.tsv,STAR - Counts,open
TCGA-IB-AAUU-01A,a53c919a-4e08-46f1-af3f-30b16b597c33,TCGA-IB-AAUU,Primary Tumor,TCGA-PAAD,3f69c795-598c-491f-b4ae-3812a974daa3,153621f4-18e1-42fd-bcaf-4f256975eda6.rna_seq.augmented_star_gene_counts.tsv,STAR - Counts,open
TCGA-2J-AABE-01A,58c1c391-5ea3-4432-bb1e-e7e1974954bc,TCGA-2J-AABE,Primary Tumor,TCGA-PAAD,3982f99d-d2ad-48cb-b3d5-840502c5bf53,7a24bded-097d-416c-952e-91ba909973d5.rna_seq.augmented_star_gene_counts.tsv,STAR - Counts,open
TCGA-HZ-8636-01A,02ef2e1a-5afe-4c00-a3ea-7f4a153f1da4,TCGA-HZ-8636,Primary Tumor,TCGA-PAAD,215525e7-fa5f-4495-a84d-17cd952dfcd3,d9549977-831c-4e74-a836-a30cee4acf9a.rna_seq.augmented_star_gene_counts.tsv,STAR - Counts,open
TCGA-HV-AA8V-01A,0fa89fbc-307a-48d5-adce-192556755c22,TCGA-HV-AA8V,Primary Tumor,TCGA-PAAD,9ee5108b-9bce-407d-ae5a-075322882c00,565a5e5b-7bcc-4ec6-8dda-53524037cc86.rna_seq.augmented_star_gene_counts.tsv,STAR - Counts,open
TCGA-HV-A5A5-01A,1b31d2e9-5b05-4fff-88d6-3a95bf8f8d43,TCGA-HV-A5A5,Primary Tumor,TCGA-PAAD,9acf5e5d-4397-49bd-9a24-bdda7d6b944e,ab02c8e2-e810-476a-a11c-ca95f7877b29.rna_seq.augmented_star_gene_counts.tsv,STAR - Counts,open
TCGA-XN-A8T5-01A,382b279f-87e1-4dbc-a2ca-c1dfde1cf254,TCGA-XN-A8T5,Primary Tumor,TCGA-PAAD,0e94fd0c-0f14-412a-80c3-7cb8b9d01c75,84c750b5-1e66-45d3-be5c-dd1d21853483.rna_seq.augmented_star_gene_counts.tsv,STAR - Counts,open
TCGA-HZ-7926-01A,2be42cc2-9b97-4821-afc2-d1e42eb3932d,TCGA-HZ-7926,Primary Tumor,TCGA-PAAD,8044f5b4-6b45-408c-b0fe-059e773e401e,6e7fb389-a285-4c22-8d7a-a1fc10190c53.rna_seq.augmented_star_gene_counts.tsv,STAR - Counts,open
TCGA-3A-A9IH-01A,10f0d40b-c4c4-441b-9cfb-bef5e44aa91e,TCGA-3A-A9IH,Primary Tumor,TCGA-PAAD,1500117c-5da7-43ba-8453-64d20170eb86,d789b349-f74b-4910-b797-625b2e1cc22a.rna_seq.augmented_star_gene_counts.tsv,STAR - Counts,open
TCGA-2J-AAB8-01A,2e8f90f4-aed3-43b0-985c-dfdc2581f24f,TCGA-2J-AAB8,Primary Tumor,TCGA-PAAD,3af1813a-c75f-45d8-8289-d19e6979f919,d7e25a74-df57-410a-852a-a9873910ec5e.rna_seq.augmented_star_gene_counts.tsv,STAR - Counts,open
TCGA-HZ-8005-01A,21814c02-6aa5-4b98-8fd8-41ca0b04ccd2,TCGA-HZ-8005,Primary Tumor,TCGA-PAAD,9043ee18-45f4-483e-91c2-b8dd175ac703,940696cf-f20c-4aa9-ad5c-479141132692.rna_seq.augmented_star_gene_counts.tsv,STAR - Counts,open
TCGA-IB-8126-01A,4387a2c2-8007-4735-a48c-34a2b476018e,TCGA-IB-8126,Primary Tumor,TCGA-PAAD,1e3a2f00-8824-47ca-94ac-cff42deb90f3,f98219ee-5936-4ed2-8d37-373ad6592e1f.rna_seq.augmented_star_gene_counts.tsv,STAR - Counts,open
TCGA-LB-A7SX-01A,5750a6ed-2516-456d-97d4-2f6486845ed8,TCGA-LB-A7SX,Primary Tumor,TCGA-PAAD,5dd598ff-58cf-4553-af71-2e0d80a04c08,fbb8955a-12cc-4e48-b4ab-f1c612d56b8a.rna_seq.augmented_star_gene_counts.tsv,STAR - Counts,open
TCGA-IB-AAUS-01A,69285f58-9b70-4262-acc0-8cf3d47540c3,TCGA-IB-AAUS,Primary Tumor,TCGA-PAAD,2493df6e-8c76-4557-a7af-6d1264e9dac4,13653fbc-feec-45d3-8b36-badbf813e979.rna_seq.augmented_star_gene_counts.tsv,STAR - Counts,open
TCGA-OE-A75W-01A,4a60e87e-6bc1-4ae0-9ccb-4cdc3e99c608,TCGA-OE-A75W,Primary Tumor,TCGA-PAAD,a3b1025f-76a9-4088-a465-0bd3c8ab1193,d5d84944-9118-4024-916e-130345b1d88a.rna_seq.augmented_star_gene_counts.tsv,STAR - Counts,open
TCGA-HV-A7OP-01A,5c51fbfe-153c-4cd2-97bd-e444daa0b20f,TCGA-HV-A7OP,Primary Tumor,TCGA-PAAD,d38c7ed8-f049-44da-bcaa-6dfed9e87562,4a6786b8-5fad-44ae-a9bf-ca732930f167.rna_seq.augmented_star_gene_counts.tsv,STAR - Counts,open
TCGA-2J-AABF-01A,886d6116-d496-444f-9b7b-7449dad31055,TCGA-2J-AABF,Primary Tumor,TCGA-PAAD,eb40b06c-68b1-4298-9d1f-4de1e28f07dd,7e35ad10-6c63-4743-b43d-d921159faddd.rna_seq.augmented_star_gene_counts.tsv,STAR - Counts,open
TCGA-HZ-A9TJ-01A,94cd2278-7c76-423b-a44b-564776211a07,TCGA-HZ-A9TJ,Primary Tumor,TCGA-PAAD,a5723a1d-b3d3-4c19-9c61-ed53a8334b3c,81ddd43c-50f2-4622-9bd9-56bee811f71f.rna_seq.augmented_star_gene_counts.tsv,STAR - Counts,open
TCGA-2L-AAQI-01A,a28cfa95-5a99-40f3-928e-7a94f2492d2c,TCGA-2L-AAQI,Primary Tumor,TCGA-PAAD,7cb069c7-4347-4d73-aad1-dee5cd15565b,827973c5-466c-4098-8f33-e92a3b52160c.rna_seq.augmented_star_gene_counts.tsv,STAR - Counts,open
TCGA-XD-AAUH-01A,b46b5a4c-59fc-4769-b05a-d15f9aaa753a,TCGA-XD-AAUH,Primary Tumor,TCGA-PAAD,68cae6f7-73dd-481d-aac9-dc023e6c12d6,13219a6d-7b1f-47c1-be99-30a1e13fcc1d.rna_seq.augmented_star_gene_counts.tsv,STAR - Counts,open
TCGA-IB-7887-01A,fe699c36-82ef-45dd-b636-8c18a9ef6c76,TCGA-IB-7887,Primary Tumor,TCGA-PAAD,9bfe5f73-1481-41e3-b8fc-d57b057bae31,086667b3-bd50-4f84-a9e1-fbd79ac1a21b.rna_seq.augmented_star_gene_counts.tsv,STAR - Counts,open
TCGA-FB-AAPZ-01A,f2313562-c894-486d-a9b6-ed362e12a32a,TCGA-FB-AAPZ,Primary Tumor,TCGA-PAAD,ce1b2f4c-4a19-4529-9a05-4212ac140ebb,7d5d4419-5c0d-4f23-9463-04df885a4c52.rna_seq.augmented_star_gene_counts.tsv,STAR - Counts,open
TCGA-FB-AAQ1-01A,ff8dac97-42ff-4f48-81c4-50315ad8de58,TCGA-FB-AAQ1,Primary Tumor,TCGA-PAAD,508e7f55-26a6-4281-88c9-5e35d59f56c2,47b10cc3-496d-46c7-a9ef-392acb2f58d4.rna_seq.augmented_star_gene_counts.tsv,STAR - Counts,open
TCGA-FB-AAQ2-01A,f5558dc7-5bef-426f-a6bf-b704fd5dbda0,TCGA-FB-AAQ2,Primary Tumor,TCGA-PAAD,e916054b-02b5-4f02-8c21-940c14683ced,5b8c5785-522d-4bf5-a923-b687689ed076.rna_seq.augmented_star_gene_counts.tsv,STAR - Counts,open
TCGA-HZ-A8P0-01A,98f1d0eb-0977-4f53-a3b1-e6875a34c27b,TCGA-HZ-A8P0,Primary Tumor,TCGA-PAAD,245632c2-f70b-4b31-b4b4-81ff6a860bc4,90fe6068-0176-4cf8-9fd0-a5eb8d2cc090.rna_seq.augmented_star_gene_counts.tsv,STAR - Counts,open
TCGA-F2-6879-01A,8d9bd437-8b4b-4da5-87ba-6b5790f05022,TCGA-F2-6879,Primary Tumor,TCGA-PAAD,952b8bf3-3da4-4228-9541-004e17709cb1,06a1d5c5-ecc0-426b-aba8-d5e0ca289c8f.rna_seq.augmented_star_gene_counts.tsv,STAR - Counts,open
TCGA-3A-A9I5-01A,9924e309-5c47-42fe-b937-547f2b3d6842,TCGA-3A-A9I5,Primary Tumor,TCGA-PAAD,ec2ef60e-c050-419b-8652-f0dc7ef6b9d4,78a82c9b-39a9-4f8f-b991-272e7e81649f.rna_seq.augmented_star_gene_counts.tsv,STAR - Counts,open
TCGA-3E-AAAZ-01A,9d449aa3-b740-4d5a-9aea-880b6f84cff4,TCGA-3E-AAAZ,Primary Tumor,TCGA-PAAD,25179d11-adde-4105-a3cb-ecfa7ea16b33,6923afa8-522b-4f3d-9614-a7f789f9e379.rna_seq.augmented_star_gene_counts.tsv,STAR - Counts,open
TCGA-IB-A5SP-01A,bd73ed94-5f4f-4eb3-8b9b-391af4422d0e,TCGA-IB-A5SP,Primary Tumor,TCGA-PAAD,a1a0185a-0e2e-4988-843f-da28c341841a,af27f011-fff5-45c6-a7a4-523fee071cb5.rna_seq.augmented_star_gene_counts.tsv,STAR - Counts,open
TCGA-3A-A9IX-01A,959e1f13-360e-4e12-add5-bf9a376990d2,TCGA-3A-A9IX,Primary Tumor,TCGA-PAAD,103eafcd-aa33-4f6a-b3c4-a3002c951254,325070af-c5d9-485c-90d7-e194cbd7c7cb.rna_seq.augmented_star_gene_counts.tsv,STAR - Counts,open
TCGA-HZ-8317-01A,a2fd0991-cfbd-4162-8ca9-2ed096f54a14,TCGA-HZ-8317,Primary Tumor,TCGA-PAAD,eea4fe20-4aa1-4cbc-8246-29661fb2ff71,b3d71674-f3c8-4841-8bc6-02621602181d.rna_seq.augmented_star_gene_counts.tsv,STAR - Counts,open
TCGA-FB-A4P5-01A,b2e29f26-29af-4e2d-84dd-c513b4a07c70,TCGA-FB-A4P5,Primary Tumor,TCGA-PAAD,8fafe83c-9f15-40c7-ae4e-f1955b8d17ee,8ccaefb1-3db4-464e-8559-d5bb0e0933eb.rna_seq.augmented_star_gene_counts.tsv,STAR - Counts,open
TCGA-2L-AAQJ-01A,f96ab3fe-bb11-4585-a35e-52d400e55ab7,TCGA-2L-AAQJ,Primary Tumor,TCGA-PAAD,e7ea70ac-6345-4b16-9832-04e0800633c6,b9000c0a-1e86-4c10-abee-64156299e753.rna_seq.augmented_star_gene_counts.tsv,STAR - Counts,open
TCGA-FB-AAPQ-01A,ecdd0e44-0add-4a08-a3f8-ab2f51df7afd,TCGA-FB-AAPQ,Primary Tumor,TCGA-PAAD,1a96328e-49a7-4655-abcd-d463138f457f,033fbcc1-7984-4946-ba49-cd58bb641b0b.rna_seq.augmented_star_gene_counts.tsv,STAR - Counts,open
TCGA-US-A77J-01A,3a3a8fe1-e35c-45d0-aa0b-4fefa9ee9183,TCGA-US-A77J,Primary Tumor,TCGA-PAAD,241606d3-f359-4df7-ba9e-1c2a86c17d10,e55e1abe-7f0d-4cb7-a28a-728443f0423d.rna_seq.augmented_star_gene_counts.tsv,STAR - Counts,open
TCGA-HZ-7923-01A,565ee830-5236-4414-aeaa-48ea7eb3b753,TCGA-HZ-7923,Primary Tumor,TCGA-PAAD,9e459810-a982-4f7d-a6b3-ab1ac35bea62,af54f762-0442-45c9-ba86-840437323ba6.rna_seq.augmented_star_gene_counts.tsv,STAR - Counts,open
TCGA-IB-7654-01A,65e5bf5f-f22a-4ec2-8839-aeda37212b98,TCGA-IB-7654,Primary Tumor,TCGA-PAAD,bed2a207-15f0-4837-9ba0-6638051df824,a5f518f1-22ba-4a2c-8664-d37aba0bf679.rna_seq.augmented_star_gene_counts.tsv,STAR - Counts,open
TCGA-HZ-7920-01A,1fe937f7-b4e5-4cf6-be9b-215a012533c6,TCGA-HZ-7920,Primary Tumor,TCGA-PAAD,6230d096-38d0-4945-ac66-3811160f11f6,1761b0c4-9fa5-4660-a9a4-0cb973e96f8d.rna_seq.augmented_star_gene_counts.tsv,STAR - Counts,open
TCGA-HV-A7OL-01A,2e0701e1-e16f-457f-b939-7b1128f4a58b,TCGA-HV-A7OL,Primary Tumor,TCGA-PAAD,c1613f9f-e93a-426c-a750-54895e588067,e9ff80cc-fa41-4b9c-ae1d-c9b58f005e6f.rna_seq.augmented_star_gene_counts.tsv,STAR - Counts,open
TCGA-IB-AAUP-01A,0a3c8161-4186-4c95-8288-9928d6db0355,TCGA-IB-AAUP,Primary Tumor,TCGA-PAAD,f54820a6-a987-4c81-a888-ac9ca590d4a7,f658fea2-ce6f-446d-8c62-8649e7d25749.rna_seq.augmented_star_gene_counts.tsv,STAR - Counts,open
TCGA-FB-AAPS-01A,2048d0f9-ed9f-46df-bcd4-3dfd9137670f,TCGA-FB-AAPS,Primary Tumor,TCGA-PAAD,1bccd28f-ef99-486b-b191-e07c17185d57,b296880d-cf96-4783-9b5c-849bf412ca44.rna_seq.augmented_star_gene_counts.tsv,STAR - Counts,open
TCGA-IB-AAUO-01A,869e61d6-fbbf-4ca2-be1a-57b82a03c7a1,TCGA-IB-AAUO,Primary Tumor,TCGA-PAAD,1985d153-e7f9-44e7-99f9-d71b5d4d565e,2b532c49-f23c-4515-a36c-8f6f282797de.rna_seq.augmented_star_gene_counts.tsv,STAR - Counts,open
TCGA-2J-AABP-01A,a4569ce7-dde7-4660-a24c-409d294b2b8c,TCGA-2J-AABP,Primary Tumor,TCGA-PAAD,d4b54ce7-b3ed-4a31-8bf7-867efc78e980,96f79902-9710-4a2c-9b26-92cc9430d441.rna_seq.augmented_star_gene_counts.tsv,STAR - Counts,open
TCGA-3A-A9IO-01A,13cf4e4c-8d5f-4854-a350-428fdf1ff340,TCGA-3A-A9IO,Primary Tumor,TCGA-PAAD,913f4a45-995e-4fc3-b093-b5d80c060898,7e1f6d87-d16d-448d-a359-bca0058acf84.rna_seq.augmented_star_gene_counts.tsv,STAR - Counts,open
TCGA-S4-A8RO-01A,a9c0f3a1-01eb-4f01-b58a-708b2960e685,TCGA-S4-A8RO,Primary Tumor,TCGA-PAAD,26842740-dfe2-4b42-b625-1f5719500851,8d66e030-d1a9-4948-92e7-4cdbac247c2d.rna_seq.augmented_star_gene_counts.tsv,STAR - Counts,open
TCGA-2J-AABA-01A,e3a19e63-bae5-498b-9687-41194aa5728d,TCGA-2J-AABA,Primary Tumor,TCGA-PAAD,574e18d7-010d-48e6-ba40-db3aa3540e34,2bce0622-0b73-468c-98b2-79483fe9688d.rna_seq.augmented_star_gene_counts.tsv,STAR - Counts,open
TCGA-IB-AAUQ-01A,afe89625-b355-454d-8c0b-b4161edd69f8,TCGA-IB-AAUQ,Primary Tumor,TCGA-PAAD,786ce56f-1b04-4941-a9ea-5722715d42f2,78b8fd46-5fe7-4d59-8619-ed4b4a8ff5d2.rna_seq.augmented_star_gene_counts.tsv,STAR - Counts,open
TCGA-HZ-7919-01A,2faea98a-edf7-4e92-bfb7-f91a36259872,TCGA-HZ-7919,Primary Tumor,TCGA-PAAD,f624a728-7487-4621-8453-ee758398b506,6dfb777e-74f0-419c-9af3-ec7bbb9047c5.rna_seq.augmented_star_gene_counts.tsv,STAR - Counts,open
TCGA-IB-7652-01A,178e68c0-4cb8-4042-a942-5a159ec1e12b,TCGA-IB-7652,Primary Tumor,TCGA-PAAD,c4b1a406-6c19-4199-8cfc-076f6d785d3f,58947644-3de6-4d64-bdb3-40b853becf9d.rna_seq.augmented_star_gene_counts.tsv,STAR - Counts,open
TCGA-3A-A9I9-01A,396ff766-a383-4f42-bce3-f2f32b7f1151,TCGA-3A-A9I9,Primary Tumor,TCGA-PAAD,f8ed2164-dbe4-4eb7-a7c6-c123e911e50a,67be661f-1fa8-4d83-aca3-1d7869aa1ac2.rna_seq.augmented_star_gene_counts.tsv,STAR - Counts,open
TCGA-F2-A44G-01A,20094e3e-cee3-41dd-8553-1fc393117786,TCGA-F2-A44G,Primary Tumor,TCGA-PAAD,580badbf-e323-43fc-b783-e89b52302d3b,ca2a821b-4283-4488-916d-273551088813.rna_seq.augmented_star_gene_counts.tsv,STAR - Counts,open
TCGA-2J-AABT-01A,3f9cc59e-9f7d-40d1-9365-28b40dff3c59,TCGA-2J-AABT,Primary Tumor,TCGA-PAAD,688a1e70-9164-4ec3-abd6-6cb366d87f72,893cdf5a-1670-44b2-b6b9-420f9d8f8baa.rna_seq.augmented_star_gene_counts.tsv,STAR - Counts,open
TCGA-LB-A9Q5-01A,31c23e65-1f18-4f59-8a54-31febedef8a2,TCGA-LB-A9Q5,Primary Tumor,TCGA-PAAD,50db8a7b-1d89-4c9a-a285-5de3c2bae5cf,bf1eeff9-7b55-4609-ab8a-003ce2727faa.rna_seq.augmented_star_gene_counts.tsv,STAR - Counts,open
TCGA-IB-AAUR-01A,6788e0e5-b67f-4fe6-aabb-6d0430ae2d06,TCGA-IB-AAUR,Primary Tumor,TCGA-PAAD,6bda9845-af73-46b2-88fc-c02aadc99ee9,f98d97db-fc5e-47e5-adce-3890392eea75.rna_seq.augmented_star_gene_counts.tsv,STAR - Counts,open
TCGA-HZ-8001-01A,55cee1dd-15a0-4717-a281-63e08e2cfdf9,TCGA-HZ-8001,Primary Tumor,TCGA-PAAD,2542cead-e252-4c01-bd34-8cf170d49f4f,0b01cc4f-cc4d-4971-8956-1fe5325555df.rna_seq.augmented_star_gene_counts.tsv,STAR - Counts,open
TCGA-HZ-A49G-01A,47cb93bc-8f6b-4b2a-804c-bb4fc78df9e1,TCGA-HZ-A49G,Primary Tumor,TCGA-PAAD,89ba298b-7453-494f-a80f-3cb8b8bbfdd0,9328ab3a-5598-4d1d-8a48-d194b336c84e.rna_seq.augmented_star_gene_counts.tsv,STAR - Counts,open
TCGA-HZ-8003-01A,68c0bc1b-3195-4ed6-8345-3ca53dfc54fc,TCGA-HZ-8003,Primary Tumor,TCGA-PAAD,c0da3ec8-9575-4b2b-b6ef-e0b2c7670e91,ab9fdb67-d8e1-4725-8728-8532b8bdbda9.rna_seq.augmented_star_gene_counts.tsv,STAR - Counts,open
TCGA-IB-AAUT-01A,88eaebfc-d740-4cdc-88f5-df5e08633e2d,TCGA-IB-AAUT,Primary Tumor,TCGA-PAAD,588c9433-14c3-461e-8c00-013abd90eb1c,2caf9104-4f92-4389-bf2a-c27ffe506f59.rna_seq.augmented_star_gene_counts.tsv,STAR - Counts,open
TCGA-HZ-7922-01A,6f777943-ffcb-46d9-872d-514559dee00d,TCGA-HZ-7922,Primary Tumor,TCGA-PAAD,b68f005a-2bca-4dee-a767-01113e5e7a5a,5f076102-f8ce-46c3-8dcd-0cbbb27bea1e.rna_seq.augmented_star_gene_counts.tsv,STAR - Counts,open
TCGA-3A-A9J0-01A,a308a5ee-8ea1-47ee-823d-14736d74a925,TCGA-3A-A9J0,Primary Tumor,TCGA-PAAD,7e1b5fe0-34c4-4144-9964-0f16e904dad0,ea6626d3-7799-4481-b545-f78988ed5ece.rna_seq.augmented_star_gene_counts.tsv,STAR - Counts,open
TCGA-YB-A89D-01A,b84b58c7-95b8-4162-8e61-414f8fe422c6,TCGA-YB-A89D,Primary Tumor,TCGA-PAAD,df5a3f1d-5206-4318-a62b-39f221a4cd08,c9b38300-fa2c-435e-a529-1fb457355e64.rna_seq.augmented_star_gene_counts.tsv,STAR - Counts,open
TCGA-IB-7649-01A,ec9ac713-08e9-4559-b606-5f58d2c4df50,TCGA-IB-7649,Primary Tumor,TCGA-PAAD,c0ed500e-e4cb-424e-bcd2-ca7c62f0f014,9cc01b29-95b6-4cde-a821-e9e93c582605.rna_seq.augmented_star_gene_counts.tsv,STAR - Counts,open
TCGA-HZ-A77Q-01A,ce9e0431-19a1-4ea9-85b0-44a9e9792e03,TCGA-HZ-A77Q,Primary Tumor,TCGA-PAAD,789ebf62-b31b-4ee1-86d5-b33b07d8bb33,21a0337b-1967-4c99-986c-71786f20bc78.rna_seq.augmented_star_gene_counts.tsv,STAR - Counts,open
TCGA-HZ-A77O-01A,fe01a390-f45e-4352-a253-af8ef7ee9628,TCGA-HZ-A77O,Primary Tumor,TCGA-PAAD,1a5d463c-ace6-4ab6-83f4-407cb2d97db7,2073f6f6-2f07-4666-af7b-06d06de80540.rna_seq.augmented_star_gene_counts.tsv,STAR - Counts,open
TCGA-YY-A8LH-01A,ede2e8a7-465e-4725-880d-519899aba0c0,TCGA-YY-A8LH,Primary Tumor,TCGA-PAAD,fcebcf5a-84d3-4a49-bf88-2ad17bbebbd6,ae2354f3-29e3-4ca1-9f28-2057b176764f.rna_seq.augmented_star_gene_counts.tsv,STAR - Counts,open
TCGA-3A-A9IV-01A,1c2341f3-558b-4555-90ff-c7a23ef85c0b,TCGA-3A-A9IV,Primary Tumor,TCGA-PAAD,fc97efd2-4c4e-42c1-ad65-256d40b6d3c7,565a849f-f89f-4e3e-9321-71ff329610b3.rna_seq.augmented_star_gene_counts.tsv,STAR - Counts,open
TCGA-3A-A9IR-01A,5898434d-cfa3-4515-a0c0-810d7e515120,TCGA-3A-A9IR,Primary Tumor,TCGA-PAAD,9b95c108-d893-4023-abd1-3f714f08b2a4,4744f23f-1d20-4932-b811-124f3656b379.rna_seq.augmented_star_gene_counts.tsv,STAR - Counts,open
TCGA-HZ-8638-01A,5f9a5aba-8db8-45cc-8784-c5058445bd6f,TCGA-HZ-8638,Primary Tumor,TCGA-PAAD,1b31e73d-5229-4a65-b629-1371f8aa8b62,ff804715-fce5-49ca-87fa-fc5709227890.rna_seq.augmented_star_gene_counts.tsv,STAR - Counts,open
TCGA-H8-A6C1-01A,3e09fd70-6464-42f6-96a6-b51d7c298fc5,TCGA-H8-A6C1,Primary Tumor,TCGA-PAAD,7ed77068-1209-4a88-8896-201a5fca9cfa,7753edeb-4aba-4ddc-9032-569941d285dd.rna_seq.augmented_star_gene_counts.tsv,STAR - Counts,open
TCGA-FB-AAPP-01A,1422bc35-4597-4e76-aa75-8e79613e67d5,TCGA-FB-AAPP,Primary Tumor,TCGA-PAAD,2b89b4e4-a150-44cb-b533-4d55272841d6,13dbd84c-b0da-45bc-8c6a-8e215672b157.rna_seq.augmented_star_gene_counts.tsv,STAR - Counts,open
TCGA-3A-A9IL-01A,24a40289-96fd-4c1a-a953-45a46a0a0e9d,TCGA-3A-A9IL,Primary Tumor,TCGA-PAAD,1b055aea-842c-4e66-8c0b-0fdbf707809b,da4a86db-baed-4b6f-af38-1d57c92d0c1c.rna_seq.augmented_star_gene_counts.tsv,STAR - Counts,open
TCGA-3A-A9IN-01A,dd5074b2-462d-4267-8b9b-5a4c54e5978c,TCGA-3A-A9IN,Primary Tumor,TCGA-PAAD,024ade99-be76-426d-b392-bdd488eed535,57399a31-429d-47de-9bc6-bab6e816aa91.rna_seq.augmented_star_gene_counts.tsv,STAR - Counts,open
TCGA-F2-6880-01A,c60a4c63-607b-4d59-8625-bc5d20207647,TCGA-F2-6880,Primary Tumor,TCGA-PAAD,59c11d1d-90c4-4857-91e3-bc12183c6282,5a109534-610c-4baf-8391-392171c753bf.rna_seq.augmented_star_gene_counts.tsv,STAR - Counts,open
TCGA-3A-A9IJ-01A,5f468c25-73c3-49d5-ba12-50653dfe2c41,TCGA-3A-A9IJ,Primary Tumor,TCGA-PAAD,a713387e-6f3f-4af2-8494-77355a54caa0,0086025e-db16-446f-83fe-27951b5cfbdb.rna_seq.augmented_star_gene_counts.tsv,STAR - Counts,open
TCGA-FB-A7DR-01A,d47e214d-efbc-436d-b928-303d1f5135c4,TCGA-FB-A7DR,Primary Tumor,TCGA-PAAD,932c9ad0-252c-4433-bd33-a79f942f1afb,942305f2-461a-4179-8a4f-d36f1873dc0b.rna_seq.augmented_star_gene_counts.tsv,STAR - Counts,open
TCGA-HZ-A8P1-01A,b8e0f4fb-c916-43b8-afd2-8077a7e3aebc,TCGA-HZ-A8P1,Primary Tumor,TCGA-PAAD,ef502468-0656-4c82-ad4c-bbbba43986be,10b614d3-7608-48fb-a20a-aad19292598a.rna_seq.augmented_star_gene_counts.tsv,STAR - Counts,open
TCGA-3A-A9IS-01A,cf825b86-7ec2-4e90-bcce-3b5637b90b70,TCGA-3A-A9IS,Primary Tumor,TCGA-PAAD,86ed628c-fb1a-4505-b6e8-0cc72719840e,592f9b63-6b4c-4d4d-b2dc-a061a109390b.rna_seq.augmented_star_gene_counts.tsv,STAR - Counts,open
TCGA-HZ-8519-01A,70c2c861-01de-47bc-abfd-b7d14d68e1a1,TCGA-HZ-8519,Primary Tumor,TCGA-PAAD,08675d5b-7408-489c-8b5b-a37fe94d8c4d,d1134e43-0cc6-4a95-951d-cb19623b27c1.rna_seq.augmented_star_gene_counts.tsv,STAR - Counts,open
TCGA-IB-A5ST-01A,6c0ea771-ea86-4db6-994a-2372b2b8f536,TCGA-IB-A5ST,Primary Tumor,TCGA-PAAD,b4d49b83-cc71-4176-8dcd-3f7e74879e42,6080e600-bee0-48ad-bf20-e7ddd453f155.rna_seq.augmented_star_gene_counts.tsv,STAR - Counts,open
TCGA-IB-A7LX-01A,712c2f78-c736-42ce-b689-a954c5290987,TCGA-IB-A7LX,Primary Tumor,TCGA-PAAD,0e23faa2-0df2-4140-aec5-ba8e840844ea,feec3523-951e-4541-8664-2a71adfdecb5.rna_seq.augmented_star_gene_counts.tsv,STAR - Counts,open
TCGA-2L-AAQE-01A,8e7d5615-5142-4d53-a460-2cafade1f690,TCGA-2L-AAQE,Primary Tumor,TCGA-PAAD,30d82c00-417a-42b1-8b59-6815cce20578,63eb80b7-b83d-4937-a2e3-1be163c17bad.rna_seq.augmented_star_gene_counts.tsv,STAR - Counts,open
TCGA-IB-A6UG-01A,45e48080-0b27-45f4-8149-1ae7e36c6933,TCGA-IB-A6UG,Primary Tumor,TCGA-PAAD,d8ee313b-643a-42fc-998f-95a7e27ee107,1fbbda1c-5972-4a55-bbce-99531a213fdb.rna_seq.augmented_star_gene_counts.tsv,STAR - Counts,open
TCGA-HV-A5A3-01A,d4f66f06-9289-45c1-b9eb-aaef991a4bb6,TCGA-HV-A5A3,Primary Tumor,TCGA-PAAD,7e460f1a-71f3-4d86-a146-c2ee5704237b,241fe50e-0427-443d-8b22-35d747c4d03b.rna_seq.augmented_star_gene_counts.tsv,STAR - Counts,open
TCGA-S4-A8RM-01A,c70621cc-c8e1-441d-93ec-bd6922cc7f61,TCGA-S4-A8RM,Primary Tumor,TCGA-PAAD,9eaf1f4e-dd4e-4a8d-a5a2-c1763191faf5,d92e1164-75df-4944-a8cb-807faee74571.rna_seq.augmented_star_gene_counts.tsv,STAR - Counts,open
TCGA-IB-7651-01A,3559f697-8fec-4f36-962c-632272fe9c9c,TCGA-IB-7651,Primary Tumor,TCGA-PAAD,40f2771e-e140-46ed-b472-91c0233e6528,c60e5bb7-e2f1-4583-a0eb-1584c45e8afd.rna_seq.augmented_star_gene_counts.tsv,STAR - Counts,open
TCGA-XD-AAUL-01A,597a5a56-244b-4218-a55d-5d08217ea28c,TCGA-XD-AAUL,Primary Tumor,TCGA-PAAD,35088c7e-99d5-46d4-a8df-ae85794c019b,64dcf9f2-ba3a-492d-9ac7-149cc86f2732.rna_seq.augmented_star_gene_counts.tsv,STAR - Counts,open
TCGA-IB-8127-01A,0b4443a0-087d-47e7-9e67-795eac6750c3,TCGA-IB-8127,Primary Tumor,TCGA-PAAD,3f463d35-ef25-4e5f-9cea-81576d0fde07,ee922546-b15e-4cc6-a715-5a396f14fcdd.rna_seq.augmented_star_gene_counts.tsv,STAR - Counts,open
TCGA-3A-A9IB-01A,3cbf56e6-dccc-40fe-b06e-2621a2121e9d,TCGA-3A-A9IB,Primary Tumor,TCGA-PAAD,1244d7e1-7a90-4a47-b92b-fd93edd8561f,2315cbc2-7289-4181-92fb-4f684cce84fa.rna_seq.augmented_star_gene_counts.tsv,STAR - Counts,open
TCGA-IB-7893-01A,0944ce65-a89a-4916-b90a-f674b334281e,TCGA-IB-7893,Primary Tumor,TCGA-PAAD,d73129d0-ec0b-46eb-817a-320040bc305d,00bb756b-d7e2-4008-9a96-a706e43649eb.rna_seq.augmented_star_gene_counts.tsv,STAR - Counts,open
TCGA-F2-A7TX-01A,1f5494c4-e26c-4512-96d9-30412b5b32ce,TCGA-F2-A7TX,Primary Tumor,TCGA-PAAD,715a5638-c83d-4beb-9caf-f01047ec7a81,254c37c1-6281-4a97-9dc1-31afd37830d0.rna_seq.augmented_star_gene_counts.tsv,STAR - Counts,open
TCGA-HZ-A4BH-01A,2c636fb4-c341-4c55-b920-27bc2d40c815,TCGA-HZ-A4BH,Primary Tumor,TCGA-PAAD,439c7ab0-445d-42e7-8be5-144db4245626,a81c54cd-5668-4e4c-b4c8-2322076cba16.rna_seq.augmented_star_gene_counts.tsv,STAR - Counts,open
TCGA-HZ-8002-01A,4b37b026-1d41-4bad-8996-7cb1f0e569af,TCGA-HZ-8002,Primary Tumor,TCGA-PAAD,0110e743-ac32-4b78-8eed-6e6cb8b75849,79924ccb-c0e0-4b16-8b06-c1037cd55d61.rna_seq.augmented_star_gene_counts.tsv,STAR - Counts,open
TCGA-IB-A6UF-01A,56a1b8ff-a71c-4e5f-9c3c-d8162ff896aa,TCGA-IB-A6UF,Primary Tumor,TCGA-PAAD,9c7d0cbe-953d-4785-8f79-ae54edb3d7ea,875e9333-ef0a-4625-a5b6-56ce145f084d.rna_seq.augmented_star_gene_counts.tsv,STAR - Counts,open
TCGA-YH-A8SY-01A,503d7e36-df78-428d-9971-09ff707645c2,TCGA-YH-A8SY,Primary Tumor,TCGA-PAAD,cb6f2165-b246-40ec-a1f1-38ff514c5c35,86ed7caa-4673-4235-bab9-e1ba3f789f8a.rna_seq.augmented_star_gene_counts.tsv,STAR - Counts,open
TCGA-2J-AAB4-01A,33833131-1482-42d5-9cf5-01cade540234,TCGA-2J-AAB4,Primary Tumor,TCGA-PAAD,127d29e6-393d-40c7-8c55-1ef072e3a525,955c6c5f-bf69-4e82-b007-10bd87ce9a17.rna_seq.augmented_star_gene_counts.tsv,STAR - Counts,open
TCGA-HV-A5A6-01A,40fc7973-91c4-4fa8-a105-7fc3d6f3817c,TCGA-HV-A5A6,Primary Tumor,TCGA-PAAD,b9632740-926c-44ce-afc3-a312375440f2,a56d2aa1-72de-453e-9a7f-9c52dca0a991.rna_seq.augmented_star_gene_counts.tsv,STAR - Counts,open
TCGA-FB-AAQ3-01A,5965cd7b-f384-4473-826a-8381e362d10e,TCGA-FB-AAQ3,Primary Tumor,TCGA-PAAD,eb9da5b9-3fec-473d-9cc3-01f8b897dfae,602423c5-313b-45ea-9c4b-40a5b20b170b.rna_seq.augmented_star_gene_counts.tsv,STAR - Counts,open
TCGA-FB-AAPU-01A,712335e1-f1e9-44b9-957c-497ea5e8fa2f,TCGA-FB-AAPU,Primary Tumor,TCGA-PAAD,333abc63-0410-4b63-b64d-11ecb404305e,d04f25f3-9c96-4f44-befe-a68d9e555cc8.rna_seq.augmented_star_gene_counts.tsv,STAR - Counts,open
TCGA-2J-AAB1-01A,75119d1a-93e5-4ae7-9d60-69ee929a0772,TCGA-2J-AAB1,Primary Tumor,TCGA-PAAD,b64533e3-8dbd-4e50-8abe-a5cc52266897,a87e8e1d-4ab3-4603-9d64-6a19c3ddf84e.rna_seq.augmented_star_gene_counts.tsv,STAR - Counts,open
TCGA-H6-8124-01A,7e4e5633-6f83-4b46-b6eb-64b3f2866ba3,TCGA-H6-8124,Primary Tumor,TCGA-PAAD,e993fbaf-8900-4a7b-8f73-3b7df51ab80f,92c7d925-cd0d-446a-a681-2cdeb4aebf88.rna_seq.augmented_star_gene_counts.tsv,STAR - Counts,open
TCGA-XD-AAUG-01A,f89d429f-4747-468b-b894-89583bd8ab02,TCGA-XD-AAUG,Primary Tumor,TCGA-PAAD,958e63e3-9fe5-46a8-8844-e1e8f5b1eb79,1536fa04-c91a-489b-9688-3e4e8074e856.rna_seq.augmented_star_gene_counts.tsv,STAR - Counts,open
TCGA-IB-AAUV-01A,6983fc34-9577-45e1-b246-40e18fab953f,TCGA-IB-AAUV,Primary Tumor,TCGA-PAAD,3d21cf04-a049-44ce-b698-4c033cf1669c,53254141-2a2a-4524-8209-572831bd88a7.rna_seq.augmented_star_gene_counts.tsv,STAR - Counts,open
TCGA-HZ-7289-01A,1521ac6d-31f7-4240-9d54-4f7600e78e16,TCGA-HZ-7289,Primary Tumor,TCGA-PAAD,9f65c99a-47f1-4f33-8a66-bd1fb638d953,fe6f1ec7-deee-49ab-838d-e9b4d73377ca.rna_seq.augmented_star_gene_counts.tsv,STAR - Counts,open
TCGA-F2-7276-01A,e4babd46-005a-4af3-8041-131648d9c2c6,TCGA-F2-7276,Primary Tumor,TCGA-PAAD,e927777e-e4e2-4dfe-af34-a0b0a6342e9a,a1111943-685b-45e8-8b97-74f91f5dd048.rna_seq.augmented_star_gene_counts.tsv,STAR - Counts,open
TCGA-F2-7273-01A,4c9e6085-41c3-4cfe-ad3d-5f94196a86e0,TCGA-F2-7273,Primary Tumor,TCGA-PAAD,cd7165a4-fe2e-4730-abbd-060097120571,1651e0ed-ac68-481c-b5c0-1378372a90a4.rna_seq.augmented_star_gene_counts.tsv,STAR - Counts,open
TCGA-RL-AAAS-01A,c53d66d9-ad9a-417e-a441-df5bcf1ae13f,TCGA-RL-AAAS,Primary Tumor,TCGA-PAAD,f66069a4-d0b9-46af-9401-367c424ba19a,de01378c-dcfd-4200-b353-420b423f7587.rna_seq.augmented_star_gene_counts.tsv,STAR - Counts,open
TCGA-HZ-8637-01A,459028fd-0cd8-4e6d-a668-71fd60bd0a37,TCGA-HZ-8637,Primary Tumor,TCGA-PAAD,e14ea4c0-3fe4-486c-8f9f-bad12964dbb6,774f715e-5c42-40e0-83b8-dd789d4efca4.rna_seq.augmented_star_gene_counts.tsv,STAR - Counts,open
TCGA-M8-A5N4-01A,f0a4944c-d6cf-4163-a1ab-189803464b03,TCGA-M8-A5N4,Primary Tumor,TCGA-PAAD,e38615d5-18c8-4976-a333-b483bb5e01ac,9f7d7032-3b40-40d7-bf81-38ada138bf9f.rna_seq.augmented_star_gene_counts.tsv,STAR - Counts,open
TCGA-XD-AAUI-01A,9a2db69e-d429-45d4-89ca-a2c4e0cfc116,TCGA-XD-AAUI,Primary Tumor,TCGA-PAAD,75b208f8-8cf4-4857-a717-707a65111282,ad230bbb-3436-4c63-ac1c-fd5e676432df.rna_seq.augmented_star_gene_counts.tsv,STAR - Counts,open
TCGA-2J-AABR-01A,507a4e05-d5ab-4dbb-9b4f-76b1a21b79dd,TCGA-2J-AABR,Primary Tumor,TCGA-PAAD,34fe7a7d-8120-4527-8d7f-d136f2bb010c,4aa25d8a-34af-4837-8a17-c83f5f54a2ca.rna_seq.augmented_star_gene_counts.tsv,STAR - Counts,open
TCGA-IB-AAUW-01A,18960eb6-2d79-4d12-886a-4cd1e8fc1e21,TCGA-IB-AAUW,Primary Tumor,TCGA-PAAD,ad163cf4-adf6-4b06-8350-0eaa2d670b39,5d89bb92-a19f-4b11-8c64-eaa0dd8ef90a.rna_seq.augmented_star_gene_counts.tsv,STAR - Counts,open
TCGA-IB-7647-01A,d14154a5-9c8a-4c55-8c2d-64f3cad7b7d5,TCGA-IB-7647,Primary Tumor,TCGA-PAAD,8e33355f-179c-4184-a333-ca1f70978744,66334760-e2e2-4068-84f2-ce49ecd473cb.rna_seq.augmented_star_gene_counts.tsv,STAR - Counts,open
TCGA-IB-A5SS-01A,31aca8a3-7107-4b9d-8b6a-c07caa2a9339,TCGA-IB-A5SS,Primary Tumor,TCGA-PAAD,cdb957f0-34d9-4db5-81a4-fb8c07eebb6f,f71d461a-af00-4c34-a973-3111c00b1dcb.rna_seq.augmented_star_gene_counts.tsv,STAR - Counts,open
TCGA-2L-AAQM-01A,7240d5da-b54e-436b-8069-f2c9f516b75e,TCGA-2L-AAQM,Primary Tumor,TCGA-PAAD,8bff1374-4e7d-4229-afe3-94aaa2cea9e0,68c6543a-fc7b-494e-96be-ed86b226446c.rna_seq.augmented_star_gene_counts.tsv,STAR - Counts,open
TCGA-IB-7885-01A,77e49007-3e44-4157-beae-8f7e94234c78,TCGA-IB-7885,Primary Tumor,TCGA-PAAD,88b45a1d-4dd3-48cf-8615-76e5f9099a2c,5a9a3685-e932-4571-a5e6-0f3752151571.rna_seq.augmented_star_gene_counts.tsv,STAR - Counts,open
TCGA-2L-AAQA-01A,d8aa891c-8050-471e-ad3e-32b9c5e9db03,TCGA-2L-AAQA,Primary Tumor,TCGA-PAAD,5efe330b-4d57-4b26-a732-7bcabab3b863,b274360b-05bd-4509-af48-9e7772d4ff97.rna_seq.augmented_star_gene_counts.tsv,STAR - Counts,open
TCGA-3A-A9IZ-01A,517e0f20-56cc-470e-8c5f-543efa10cfb5,TCGA-3A-A9IZ,Primary Tumor,TCGA-PAAD,ca8190ae-3d6c-4550-a079-2c873f98f80a,24fca41d-bea2-4948-8689-2c56c82eaecf.rna_seq.augmented_star_gene_counts.tsv,STAR - Counts,open
TCGA-IB-7886-01A,f73dfd7f-e054-46ff-9485-e8d05afe2da6,TCGA-IB-7886,Primary Tumor,TCGA-PAAD,3386c8d6-43ac-4149-ae83-d6f479bad39a,7fc44145-9e29-4f03-b15a-0d07482aaa9c.rna_seq.augmented_star_gene_counts.tsv,STAR - Counts,open
TCGA-HV-A5A4-01A,3264459c-adeb-486e-ab8f-274574441593,TCGA-HV-A5A4,Primary Tumor,TCGA-PAAD,e8bf1350-c26c-45ee-8026-ead112e146b7,71635a3b-07b8-48dd-8d46-6794c69f4e37.rna_seq.augmented_star_gene_counts.tsv,STAR - Counts,open
TCGA-US-A774-01A,09fd6d9e-c715-4d57-88f9-238dd74c79a7,TCGA-US-A774,Primary Tumor,TCGA-PAAD,3d055cb9-0bad-46bf-8579-259aac4607a2,96209712-4352-493e-a9e2-f36f2130e3fe.rna_seq.augmented_star_gene_counts.tsv,STAR - Counts,open
TCGA-IB-7897-01A,01775b06-5836-469c-8537-120cb8cc94e9,TCGA-IB-7897,Primary Tumor,TCGA-PAAD,d192cdd3-1eef-4579-ab22-e11dd9b8030c,9379e3ff-7aa5-4c80-81f8-c3d328e4c473.rna_seq.augmented_star_gene_counts.tsv,STAR - Counts,open
TCGA-IB-7644-01A,1782bf45-7350-4053-8dd1-45faf4ed8dd9,TCGA-IB-7644,Primary Tumor,TCGA-PAAD,b1df6411-4c72-4e3f-bcdb-9b446386f4ed,1667998e-06dc-4330-a9b1-a84ad7ed61fa.rna_seq.augmented_star_gene_counts.tsv,STAR - Counts,open
TCGA-HZ-8315-01A,02dbd5fa-e31f-4486-8df8-5b851f2e92bd,TCGA-HZ-8315,Primary Tumor,TCGA-PAAD,9a48d83c-2674-48e6-a023-84170bf31145,ebf880a4-a168-49e9-b861-d1fc1a8b7d27.rna_seq.augmented_star_gene_counts.tsv,STAR - Counts,open
TCGA-Q3-AA2A-01A,23908554-b98e-4ff8-98e7-dee3e2c5feaf,TCGA-Q3-AA2A,Primary Tumor,TCGA-PAAD,b26890fb-cbd6-4dc0-8f3f-cca025a61225,f63aa3d3-691a-4dd2-9809-dcc83513b5e0.rna_seq.augmented_star_gene_counts.tsv,STAR - Counts,open
TCGA-HZ-A49I-01A,27286a38-1035-4a22-9ebc-874df8c49026,TCGA-HZ-A49I,Primary Tumor,TCGA-PAAD,3946d6e3-4460-43f8-9c1b-defceee3fe4f,65ac44e1-923f-4d0a-aa08-50e92430a785.rna_seq.augmented_star_gene_counts.tsv,STAR - Counts,open
TCGA-2L-AAQL-01A,1db061c0-9b28-4bf9-8ad2-0383c69b6800,TCGA-2L-AAQL,Primary Tumor,TCGA-PAAD,e377175c-5a94-4600-860f-e2e31fc960f5,82c85832-c1c2-4c8a-a0eb-4b6670d00b5b.rna_seq.augmented_star_gene_counts.tsv,STAR - Counts,open
TCGA-HZ-A49H-01A,17142718-742e-464a-8e0f-a6b9ac8fad75,TCGA-HZ-A49H,Primary Tumor,TCGA-PAAD,9e839f31-9cfb-42b7-a279-32ea4445903b,cb3be2e6-3f8a-4918-8c04-8b4af2e55616.rna_seq.augmented_star_gene_counts.tsv,STAR - Counts,open
TCGA-IB-A5SQ-01A,4f87e061-e773-48f2-84ba-32401396500e,TCGA-IB-A5SQ,Primary Tumor,TCGA-PAAD,541ae33d-b504-4c86-8758-20087845a579,ef46a73f-2576-4901-9781-701de30e2bdd.rna_seq.augmented_star_gene_counts.tsv,STAR - Counts,open
TCGA-F2-A8YN-01A,5dbb4642-6636-4d67-9e73-25c7312aec44,TCGA-F2-A8YN,Primary Tumor,TCGA-PAAD,35e2ac4f-1f27-4c48-9a15-9bb66a81b6ac,92aa0849-b81d-47b7-877a-7e1af6193053.rna_seq.augmented_star_gene_counts.tsv,STAR - Counts,open
TCGA-HZ-A4BK-01A,514d12b0-6f60-406e-bde9-a090e918ebff,TCGA-HZ-A4BK,Primary Tumor,TCGA-PAAD,6ba6db00-39b0-4627-b5de-4438f75c5cf2,c1f4176e-f133-4888-a59c-0938932a7f5c.rna_seq.augmented_star_gene_counts.tsv,STAR - Counts,open
TCGA-3A-A9IC-01A,67e9abc1-4b6f-4054-bdc4-29906c55c682,TCGA-3A-A9IC,Primary Tumor,TCGA-PAAD,74ee5cc4-2195-4d17-ae08-837b837373fd,f95a39e2-c8c6-4721-9a29-d178254eb901.rna_seq.augmented_star_gene_counts.tsv,STAR - Counts,open
TCGA-US-A77E-01A,5aa57fff-4515-4076-8798-55015bb4f156,TCGA-US-A77E,Primary Tumor,TCGA-PAAD,4be7003d-17f1-4c16-a8ef-d93a447f5a1d,a79c34bc-b143-4850-87e8-1dfe7e0753f5.rna_seq.augmented_star_gene_counts.tsv,STAR - Counts,open
TCGA-H6-A45N-01A,758b70f6-8064-4f43-aabe-e5f968fe2955,TCGA-H6-A45N,Primary Tumor,TCGA-PAAD,5cf04570-9415-4187-b8fc-4d0452c4d363,44619d19-8ff1-4dbc-a943-732ad6faaa72.rna_seq.augmented_star_gene_counts.tsv,STAR - Counts,open
TCGA-IB-7645-01A,7a1d9862-910b-403e-9eab-697dc65618c7,TCGA-IB-7645,Primary Tumor,TCGA-PAAD,818a7d3a-8c14-4fd6-83f1-000cca2be04b,0dd7a05f-bbe4-4fd7-98cc-4b90568be8fc.rna_seq.augmented_star_gene_counts.tsv,STAR - Counts,open
TCGA-2J-AAB9-01A,a5748656-5330-417a-8938-01f69ddb3576,TCGA-2J-AAB9,Primary Tumor,TCGA-PAAD,4d5b1ac7-1ed8-4ea7-bbaf-a83d1c5cddf3,4271b388-e311-4cb1-8e89-f031f1a7e032.rna_seq.augmented_star_gene_counts.tsv,STAR - Counts,open
TCGA-FB-A4P6-01A,9246c642-3231-4137-a24b-3efae151b655,TCGA-FB-A4P6,Primary Tumor,TCGA-PAAD,2ef39ad3-7a20-43f7-8dc2-6997a89d3077,ac1c16e5-e009-400a-8294-4a37d16982a0.rna_seq.augmented_star_gene_counts.tsv,STAR - Counts,open
TCGA-RB-AA9M-01A,9d5c5303-550f-454f-8fd4-8abcdd311215,TCGA-RB-AA9M,Primary Tumor,TCGA-PAAD,90321946-18e9-4ebb-9412-2b7b4bb7b1e4,9ed859cc-42db-41aa-bda0-3248de0d84d4.rna_seq.augmented_star_gene_counts.tsv,STAR - Counts,open
TCGA-3E-AAAY-01A,a643d0b8-aa50-481c-9f12-f2e634d61d90,TCGA-3E-AAAY,Primary Tumor,TCGA-PAAD,c5f8609e-0a71-47ae-a0b3-1f84ebe797d4,7f20cdf2-1e08-4e57-bbf4-bbc917b5a513.rna_seq.augmented_star_gene_counts.tsv,STAR - Counts,open
TCGA-IB-7646-01A,d1e0f479-77dd-42cd-89cb-c1eeac60c10a,TCGA-IB-7646,Primary Tumor,TCGA-PAAD,124ae6a1-e656-4f54-84b2-0df788351384,3330751a-3bbb-4e63-9ae1-07112711cdb4.rna_seq.augmented_star_gene_counts.tsv,STAR - Counts,open
TCGA-US-A776-01A,d211e0c1-7968-4343-8aae-27fab0039367,TCGA-US-A776,Primary Tumor,TCGA-PAAD,e3fd8f04-ba59-498c-9b58-dd8f5f96b0fd,bce2e178-7808-4d6d-84ce-6d91a22c196d.rna_seq.augmented_star_gene_counts.tsv,STAR - Counts,open
TCGA-2J-AABH-01A,c53328b4-0930-4e6a-a648-283b5565295e,TCGA-2J-AABH,Primary Tumor,TCGA-PAAD,c7be34ee-0d68-47fa-bea9-601cc5da20cb,a7017a73-7e1f-45a9-9c78-7353acffd4d1.rna_seq.augmented_star_gene_counts.tsv,STAR - Counts,open
TCGA-L1-A7W4-01A,ab449860-46e5-485e-abd5-31c5abef2c58,TCGA-L1-A7W4,Primary Tumor,TCGA-PAAD,d2e361de-6670-428b-ae73-7b2ea49e743a,73dfe663-7d60-4317-843b-d4933353abb6.rna_seq.augmented_star_gene_counts.tsv,STAR - Counts,open
TCGA-XN-A8T3-01A,dd7bcdd8-1660-4dab-9860-9d136c4cee77,TCGA-XN-A8T3,Primary Tumor,TCGA-PAAD,89ddb133-8f62-4be4-8569-bf184c94652d,8a0383a7-bb13-4a38-9c88-842421b30a29.rna_seq.augmented_star_gene_counts.tsv,STAR - Counts,open
TCGA-IB-7891-01A,ca2da39a-263c-4238-9826-de7d52e63d0f,TCGA-IB-7891,Primary Tumor,TCGA-PAAD,7ba9b358-398f-4bdc-9835-7ad743aaff69,1953db7a-88ae-4d2e-be77-a1d09f4acd96.rna_seq.augmented_star_gene_counts.tsv,STAR - Counts,open
TCGA-HZ-7925-01A,f91eb33d-76f0-418c-9962-11a5b31ca1dc,TCGA-HZ-7925,Primary Tumor,TCGA-PAAD,739472cc-a30d-4e46-93cc-5ae08eb39f0a,afa6c687-a940-4482-8c76-4683dc9b3a6d.rna_seq.augmented_star_gene_counts.tsv,STAR - Counts,open
TCGA-S4-A8RP-01A,ce2bfd9e-6382-47bb-9fd1-b77afe57e948,TCGA-S4-A8RP,Primary Tumor,TCGA-PAAD,425613bb-a981-4984-95d5-50839b89a04e,8bc8bd50-aea9-422c-891e-f6d0f4ff7d33.rna_seq.augmented_star_gene_counts.tsv,STAR - Counts,open
TCGA-2J-AABU-01A,0b4b50c7-aa0b-4a64-807b-d3cb47eeeb6f,TCGA-2J-AABU,Primary Tumor,TCGA-PAAD,aecb9796-a4fe-4b4d-99b2-0b661d8a3887,344f409f-44f2-4853-bd3d-6b96e8bc82ca.rna_seq.augmented_star_gene_counts.tsv,STAR - Counts,open
TCGA-Q3-A5QY-01A,1756244e-13bc-4ed7-8b91-005608803d91,TCGA-Q3-A5QY,Primary Tumor,TCGA-PAAD,b8802db6-a0c5-4d4e-842e-22a91f36974b,778a26f2-ace7-4ce0-b0f1-ab23cacb2f84.rna_seq.augmented_star_gene_counts.tsv,STAR - Counts,open
TCGA-IB-7889-01A,31e66b80-c684-4ee8-82ae-36d00f36bc88,TCGA-IB-7889,Primary Tumor,TCGA-PAAD,284c58ee-b128-4d55-911c-1207d003ce52,87b4e79a-2e86-4b8a-a002-d6df81905fde.rna_seq.augmented_star_gene_counts.tsv,STAR - Counts,open
TCGA-FB-A5VM-01A,40d9b9f7-42b7-4cfd-af95-660777ad0529,TCGA-FB-A5VM,Primary Tumor,TCGA-PAAD,3e88a838-0909-4b94-8747-9003414d422d,cb605953-8860-4563-8e64-210c886b4d65.rna_seq.augmented_star_gene_counts.tsv,STAR - Counts,open
TCGA-F2-A44H-01A,570f9947-1ce5-49c7-9619-49439df6c7a9,TCGA-F2-A44H,Primary Tumor,TCGA-PAAD,d36a090d-0b64-459a-931b-b743095fb96c,6289f4a8-1b68-4ac2-991f-1560fd61a9e7.rna_seq.augmented_star_gene_counts.tsv,STAR - Counts,open
TCGA-IB-7890-01A,5494af7d-403a-423b-b7ff-e6db9c117e93,TCGA-IB-7890,Primary Tumor,TCGA-PAAD,188fd6b9-4291-47c9-bb04-e9e67d4b0465,2ba18b80-1f6f-4b67-9eae-59c5a932b26b.rna_seq.augmented_star_gene_counts.tsv,STAR - Counts,open
TCGA-HZ-A77P-01A,5971a597-1e16-4f6d-8d7b-0e69c6bdcead,TCGA-HZ-A77P,Primary Tumor,TCGA-PAAD,df863996-d40d-43e3-84f0-938ca2a78fe9,966870d5-cfb6-4f7b-bc8e-3032eaa4d03a.rna_seq.augmented_star_gene_counts.tsv,STAR - Counts,open
TCGA-FB-AAQ0-01A,81b6b844-d760-4146-9b01-1c4b2596eb77,TCGA-FB-AAQ0,Primary Tumor,TCGA-PAAD,df0db454-9793-42df-aeb3-23ca4a105ccb,907768c7-70e3-4141-bc94-589d46e93b85.rna_seq.augmented_star_gene_counts.tsv,STAR - Counts,open
TCGA-Z5-AAPL-01A,6a4e10b6-e6c4-4210-ae4d-0d8e8d0cb3ec,TCGA-Z5-AAPL,Primary Tumor,TCGA-PAAD,60a6a0c1-f871-43b7-94ae-668dfb7035f7,e33a7d0d-d750-4313-9f15-1ff4fcf15c0b.rna_seq.augmented_star_gene_counts.tsv,STAR - Counts,open
TCGA-2J-AAB6-01A,70797499-16e6-48cc-8ae4-1e692713dad3,TCGA-2J-AAB6,Primary Tumor,TCGA-PAAD,75bca18c-55fd-4c78-bcac-543d64d55c28,1759258a-e562-458b-ba00-de2d766db773.rna_seq.augmented_star_gene_counts.tsv,STAR - Counts,open
TCGA-LB-A8F3-01A,f852de27-b600-44a4-ab30-d74108dfc2e9,TCGA-LB-A8F3,Primary Tumor,TCGA-PAAD,a566d8ee-aed0-44c2-8409-38e03bd8e545,5a723bc2-5ae6-412e-8da4-ca35d8f36830.rna_seq.augmented_star_gene_counts.tsv,STAR - Counts,open
TCGA-IB-A5SO-01A,c6388925-c0a1-4610-a6b9-d9d9500d88c6,TCGA-IB-A5SO,Primary Tumor,TCGA-PAAD,330772f0-6c6f-45b6-8b22-342325fbad53,84d01517-3acf-4b2f-a404-63c2b0f9d6d8.rna_seq.augmented_star_gene_counts.tsv,STAR - Counts,open
