gene_symbol,TCGA-EB-A85I-01A,TCGA-BF-A3DJ-01A,TCGA-BF-A1Q0-01A,TCGA-EB-A551-01A,TCGA-EB-A44P-01A,TCGA-FR-A3R1-01A,TCGA-EB-A4OY-01A,TCGA-EB-A3XD-01A,TCGA-EB-A6QY-01A,TCGA-EB-A4XL-01A,TCGA-DA-A960-01A,TCGA-IH-A3EA-01A,TCGA-GF-A769-01A,TCGA-D9-A3Z4-01A,TCGA-XV-A9W5-01A,TCGA-EB-A5UM-01A,TCGA-BF-AAP1-01A,TCGA-EB-A82B-01A,TCGA-EB-A6QZ-01A,TCGA-GN-A8LN-01A,TCGA-EB-A299-01A,TCGA-EB-A44N-01A,TCGA-ER-A196-01A,TCGA-EB-A3HV-01A,TCGA-XV-AAZY-01A,TCGA-BF-A5ER-01A,TCGA-EB-A430-01A,TCGA-BF-AAP8-01A,TCGA-ER-A19T-01A,TCGA-BF-A9VF-01A,TCGA-BF-A1PZ-01A,TCGA-BF-AAP4-01A,TCGA-XV-AAZW-01A,TCGA-BF-AAP2-01A,TCGA-EB-A431-01A,TCGA-BF-A5EP-01A,TCGA-EB-A553-01A,TCGA-EB-A3XB-01A,TCGA-EB-A5VU-01A,TCGA-EB-A3XE-01A,TCGA-FW-A5DX-01A,TCGA-BF-A5EO-01A,TCGA-XV-A9W2-01A,TCGA-EB-A3Y6-01A,TCGA-FS-A1ZN-01A,TCGA-EB-A550-01A,TCGA-EB-A4P0-01A,TCGA-BF-A3DL-01A,TCGA-FR-A728-01A,TCGA-FR-A2OS-01A,TCGA-ER-A19K-01A,TCGA-GN-A26C-01A,TCGA-EB-A41B-01A,TCGA-BF-AAOU-01A,TCGA-BF-A5ES-01A,TCGA-WE-A8K4-01A,TCGA-BF-A1PV-01A,TCGA-EB-A41A-01A,TCGA-EB-A5SE-01A,TCGA-D9-A4Z2-01A,TCGA-EB-A3Y7-01A,TCGA-BF-A3DN-01A,TCGA-EB-A24D-01A,TCGA-EB-A24C-01A,TCGA-ER-A194-01A,TCGA-D9-A4Z5-01A,TCGA-EB-A6R0-01A,TCGA-D9-A4Z3-01A,TCGA-EB-A1NK-01A,TCGA-GF-A2C7-01A,TCGA-HR-A5NC-01A,TCGA-BF-AAP7-01A,TCGA-BF-A1PU-01A,TCGA-EB-A97M-01A,TCGA-EB-A3XC-01A,TCGA-D3-A5GT-01A,TCGA-EB-A3XF-01A,TCGA-BF-AAP6-01A,TCGA-GN-A4U5-01A,TCGA-BF-A5EQ-01A,TCGA-ER-A42H-01A,TCGA-BF-A1PX-01A,TCGA-YG-AA3N-01A,TCGA-BF-A3DM-01A,TCGA-EB-A4OZ-01A,TCGA-BF-AAOX-01A,TCGA-EB-A4IQ-01A,TCGA-EB-A51B-01A,TCGA-FR-A726-01A,TCGA-EB-A42Y-01A,TCGA-EB-A85J-01A,TCGA-EB-A42Z-01A,TCGA-EB-A44O-01A,TCGA-ER-A2NB-01A,TCGA-ER-A2NF-01A,TCGA-GN-A263-01A,TCGA-EB-A57M-01A,TCGA-XV-AAZV-01A,TCGA-EB-A5SF-01A,TCGA-EB-A5FP-01A,TCGA-EB-A4IS-01A,TCGA-XV-A9VZ-01A,TCGA-EB-A82C-01A
CD8A,2036,509,662,4644,508,1305,360,877,190,771,7,56,66,841,395,1388,89,1126,51,150,636,430,7,214,419,15,1296,343,53,67,487,3322,50,653,131,89,233,620,223,586,139,621,86,629,132,181,462,117,2900,15,513,6992,787,245,215,5435,35,200,254,103,18,142,266,26,1018,83,3324,347,326,35,28,2531,19,655,192,10,266,59,4627,1238,44,6915,4900,80,1487,96,78,359,82,300,3970,448,207,947,2042,295,181,761,19,38,3711,57,24
CD8B,620,76,176,813,87,218,93,253,31,191,0,16,16,188,63,263,13,238,10,23,139,116,2,26,162,13,276,92,1,14,85,685,11,154,31,35,57,98,15,178,19,102,18,97,22,45,100,27,604,3,104,1084,174,45,62,1558,10,61,49,30,15,36,58,7,251,15,646,53,71,3,3,590,3,80,40,2,33,10,785,315,10,1782,1281,41,542,15,9,69,12,52,874,81,27,406,536,57,32,221,5,7,924,20,11
IFNG,101,25,21,486,42,82,8,10,20,38,0,0,4,48,25,47,2,36,1,6,24,12,0,1,4,0,75,4,0,2,17,135,4,17,3,3,3,28,9,9,7,6,5,37,14,5,16,0,70,0,39,150,37,8,5,285,3,5,8,2,0,4,16,1,8,1,281,3,12,0,1,41,0,15,9,0,30,2,155,35,2,176,73,2,44,4,1,31,7,33,107,16,13,43,38,6,0,33,0,3,130,3,0
GZMB,682,261,325,1518,509,468,367,162,106,338,17,107,132,369,542,372,84,890,73,149,341,420,30,140,461,60,642,42,6,69,569,2319,60,334,159,86,377,228,97,314,106,403,90,229,46,104,193,124,738,59,244,1147,140,173,78,489,63,97,121,95,84,168,97,30,215,52,3388,39,147,95,37,2741,6,495,174,12,358,129,1485,547,11,4426,224,33,3662,60,69,218,101,268,1892,164,141,2178,114,208,142,1521,29,171,732,13,38
PRF1,1518,402,443,3893,436,949,328,532,186,448,17,210,97,481,591,612,85,1227,63,152,449,340,58,259,466,94,1366,103,21,63,517,3749,64,459,173,148,107,395,168,401,192,665,60,433,128,106,230,459,1551,49,438,1422,422,183,187,2711,28,112,261,105,47,140,358,50,579,95,3109,355,559,70,71,2498,83,703,187,21,409,94,3033,975,46,5614,2521,52,1687,63,97,221,131,259,2794,250,230,1674,950,93,326,943,24,77,2152,51,43
NKG7,2608,402,706,3250,449,690,827,689,182,729,14,111,74,505,551,981,103,899,57,146,680,339,26,235,881,54,1281,136,10,61,505,2644,80,415,86,102,253,458,77,807,122,828,66,404,98,118,456,155,2771,30,551,5138,702,340,243,2963,28,186,244,120,66,153,392,24,2084,68,2486,296,562,34,55,3033,50,825,252,20,317,80,2739,1003,26,7927,2773,41,3560,100,70,283,77,267,3191,372,159,2804,1135,87,198,1556,34,44,2410,71,34
CXCL9,2893,1850,3018,20924,1661,9950,210,6457,732,8971,26,79,164,7982,1697,7348,303,3556,92,1122,3122,2778,197,154,616,48,4769,302,5,52,1779,5253,428,2570,1075,175,2394,919,674,5675,1007,1270,2695,5038,248,420,1125,297,3262,67,3821,27671,1757,270,966,5561,95,1754,985,957,33,605,6000,132,1789,279,10941,480,924,63,168,5917,66,2349,1845,32,7475,145,14243,5527,210,13029,4247,227,3701,159,84,7296,206,410,4847,2234,1199,801,5432,1400,312,2653,18,357,15500,308,149
CXCL10,3483,1863,1502,4948,570,4489,54,300,254,4683,3,32,148,3576,613,597,165,1871,110,2239,1382,1305,134,30,107,18,1034,141,25,25,792,1111,275,1204,483,87,101,316,421,883,299,306,2362,1738,164,351,472,42,3295,47,1592,6501,992,79,418,4180,85,872,543,500,40,299,882,449,374,222,36271,326,295,17,71,2273,5,593,758,23,13548,154,9824,1135,141,3744,585,1314,1422,59,8,8752,194,484,7738,666,295,156,1655,617,233,1839,5,94,5882,46,190
CXCL11,676,208,248,837,87,2134,3,41,52,631,3,1,17,481,196,186,26,216,28,191,262,237,30,4,51,8,209,16,1,6,158,283,71,130,225,20,65,37,71,175,57,70,419,298,17,68,77,13,1213,9,459,932,216,20,64,980,13,146,107,145,2,63,211,157,45,51,12410,25,38,5,16,392,3,158,116,1,3582,28,1416,151,28,650,106,185,183,18,5,1427,36,81,499,123,52,23,292,161,40,265,0,42,1170,50,58
STAT1,17684,28709,28676,71128,31970,124228,2545,7959,11396,25912,850,2709,14882,27489,16261,8992,4404,39438,10394,7802,12059,15028,5255,12531,6650,2929,26911,2934,6039,2190,41979,70173,5767,17472,23742,12049,2263,20609,16175,8435,16192,10110,13670,23416,20386,14554,7540,4639,28517,9786,17485,92817,10578,13755,12512,66961,11176,13706,11125,12275,5552,22762,13367,12070,5398,8889,77270,6877,12177,10412,4953,20952,6943,18285,16172,1030,93947,17540,61923,19541,4451,46193,21313,38364,9135,3961,9120,23863,9057,41953,49661,16126,15220,5367,30656,17062,6389,10797,797,11230,78378,3212,10129
IRF1,3984,1389,6308,14206,2455,7400,1086,1802,598,3448,189,623,373,2374,2628,2469,796,5531,1020,1855,2360,1362,429,958,912,246,4910,711,367,148,2280,11753,1057,2045,590,459,604,1725,646,1961,554,1791,1507,2160,736,1022,1621,655,7092,283,2166,15563,1932,2067,973,4241,525,987,1501,501,773,860,1796,838,2315,2072,7573,576,1547,340,339,4292,637,3023,673,100,5767,417,6832,2455,396,6386,3317,874,4929,593,542,3073,913,2110,9132,2146,429,1234,2283,584,1059,2988,266,264,7315,1299,327
HLA-A,314713,200135,92214,126205,76473,147957,124266,53782,61112,55627,78958,100317,37702,92451,90127,63420,73620,133781,95782,30707,78872,67243,34235,79838,205119,72294,179001,121159,37319,13852,119971,251961,40885,136212,115885,39422,50826,242405,20043,127306,4731,74435,69131,198438,116213,69191,301144,55393,257479,33605,494543,241065,48796,68003,258861,193423,9906,89665,78585,32024,61082,45144,159741,116692,207932,58378,231320,6100,86687,28294,49869,200421,89927,214977,119855,90580,148053,27952,289810,130042,34111,217509,63977,83181,225740,372533,31441,269554,63414,107398,150958,71014,43480,88488,175865,112538,40776,140080,87764,93796,291902,29021,76786
HLA-B,223658,264165,183011,253203,122784,323432,22862,63868,13189,63912,13460,37557,18817,152529,127341,78384,97635,145890,60635,29323,122588,50398,21355,73224,89706,14151,197700,80008,16779,4334,128891,137702,21746,161974,44437,27432,7907,197657,17825,176988,8199,62646,27159,167774,71363,94653,121994,25529,306261,34401,197070,483566,18769,82394,149728,190659,19031,69692,45176,16630,9446,38396,160990,37750,202650,47669,379085,10933,88075,11345,22175,223254,25015,249199,64713,2981,145789,14788,417657,133837,21696,314978,95102,114224,183961,28086,25124,283922,13821,68145,222084,123209,13906,76686,124402,41394,34852,267234,20866,8229,444999,36757,51895
HLA-C,172928,204927,112034,139910,69009,178785,39368,43957,18151,42469,10073,27710,55395,101803,51420,54139,62412,181968,62703,25884,56174,55991,20886,88284,63899,9216,116885,39344,21253,4181,162033,67284,17365,150655,68052,14538,3866,96894,16054,93199,7003,60614,42866,100192,105542,47594,127283,42110,165865,16887,142973,267745,14337,52964,67627,112146,13531,48471,41700,17020,16696,54063,125800,59734,95891,38305,221593,6782,71721,21337,33064,172246,81321,101782,92355,2312,150849,9880,212205,114767,18199,180117,74916,99116,82021,34204,28255,223064,34642,51638,169381,76389,24020,62476,130640,28866,48662,149167,29381,33595,229873,23103,82371
B2M,173540,552497,110312,290417,165713,447344,12189,61737,45839,117261,17639,19803,76644,274832,134094,62510,154495,123321,117314,61669,127064,109563,38346,89232,66917,17616,210345,84754,24965,14680,155667,203901,60953,192433,109476,29927,6142,170484,69355,126401,53112,72434,93640,263693,128668,195276,186778,78105,249700,64095,178943,444395,46676,119140,221223,244988,37247,111837,75415,85328,23539,131159,117742,125757,68377,73275,611125,37487,81680,35214,54168,253732,54747,238408,75810,7007,166127,65346,470255,115954,31700,214693,67764,232925,87206,49170,38939,419270,26929,95115,157479,190718,50915,38705,178437,280244,50909,267812,26469,50093,538927,48829,54404
TGFB1,2046,4206,3410,2511,3174,2959,625,3176,1146,1736,216,1851,5180,2153,1141,4917,733,3037,1504,4312,2611,2415,3068,6019,2441,6502,812,693,7880,618,2288,3021,2825,1388,760,3696,703,743,1644,3705,385,3249,1036,1119,3801,3264,2111,2007,7451,4562,4377,10156,533,1718,3028,1560,4900,5576,3892,2518,2577,3482,1140,3627,2537,2584,1462,1844,2296,3729,2057,2421,1427,9829,938,495,2860,3441,2214,1749,2145,7340,3685,4449,4014,798,3793,614,1866,9679,3243,3019,6153,6763,2735,193,2911,5489,4141,2487,5605,3317,3714
CXCL12,808,1341,1588,6273,756,1861,567,10452,1039,1048,191,200,364,2109,1618,1510,1673,1547,1372,850,1599,4220,753,1987,1409,1171,1630,683,586,289,1186,4231,782,1838,1514,1464,914,2048,1318,2512,177,1303,592,7132,1095,373,2662,1557,2486,3570,1351,10128,571,1171,1085,3072,1145,1257,2075,1820,1981,4844,2358,4672,1719,1137,1748,2036,3365,892,1156,3842,2049,593,2250,672,1379,1542,2621,9275,787,9033,1718,280,436,862,862,241,1869,685,1155,1481,1182,587,3801,3618,9375,2366,1567,938,6480,5967,671
POSTN,3032,50349,7277,12369,39474,5311,225,3501,4902,42230,102,526,1884,62405,44154,1599,5236,3712,25424,102559,3776,11560,4196,33464,529,3405,1209,713,24435,589,1993,2829,33687,2859,5529,3582,2009,2818,11968,4618,33635,935,3325,16348,342500,29578,4919,5042,9013,16991,10866,23222,899,4502,4956,2046,6508,4797,15316,77169,627,259535,27604,20572,2176,6054,3532,7485,10705,78419,24366,8728,4301,2778,7520,789,48430,24826,20449,12833,16872,10127,1467,7575,1343,1069,3065,7414,48422,11292,1911,18803,9465,531,18286,6418,5071,3847,1486,4607,16388,3767,5566
HIF1A,3166,3471,9281,2932,7718,10531,373,1721,9267,3850,315,1211,6685,2944,5823,1189,5203,2880,1506,2954,4291,5289,10058,4411,346,2123,3835,1680,1588,987,5297,5270,4182,1829,7953,6136,3820,5248,4864,1047,4310,1653,5390,3290,9090,8256,1989,5001,2679,11244,17014,5346,2024,6318,3180,3721,3564,3388,5983,3878,472,9564,2706,8987,501,1771,8257,4765,6967,8866,5305,1732,4264,1360,5926,1458,7831,6294,5211,4281,4871,6717,1947,7196,628,1650,4185,5237,7287,6350,2434,8478,21478,1249,4318,20942,2419,6319,382,21331,5950,3166,4372
VEGFA,4857,10798,2907,1900,8018,1383,368,721,2070,2494,423,4647,12387,5883,19750,1650,5201,1655,9635,11033,4703,7378,4505,1217,177,1525,3333,1936,3085,1274,1354,1491,4724,548,2812,4933,1423,1811,10995,418,2813,1545,1365,1368,14256,6408,436,1737,3109,6468,809,9215,1911,3087,386,2094,2503,2000,1286,7249,473,5496,1423,721,151,10399,4449,4894,858,3490,1258,622,571,2181,951,2302,1039,2664,955,1008,6254,1242,493,30410,2318,276,3155,2197,7984,2834,2304,2310,2732,1684,342,520,859,4284,507,2324,1635,1504,642
KDR,404,1395,912,894,870,555,159,1754,531,769,316,96,3815,2467,1247,506,876,1071,1537,339,679,1136,551,1566,283,1459,407,412,3860,135,574,767,550,406,1129,738,305,679,2406,744,1237,495,291,1692,646,859,332,1268,1258,5239,801,513,351,496,243,122,796,293,1024,934,679,5610,1344,1539,544,3263,742,451,2666,3406,982,1282,1548,181,700,145,875,811,445,1621,2579,2910,279,590,325,250,621,136,1059,1704,443,1329,863,164,1343,622,2034,1331,592,854,764,372,189
FAP,687,3149,256,415,745,252,4,205,868,1033,5,22,106,629,356,134,154,219,270,1889,521,652,362,1130,63,67,49,46,310,29,134,259,320,176,165,219,152,288,224,195,755,87,621,1026,930,100,499,226,734,716,407,502,78,1817,707,86,302,2570,449,1956,50,945,477,1871,142,171,122,844,420,923,285,121,408,170,580,109,693,625,232,763,648,687,81,187,56,254,187,1661,3049,4011,151,3849,1179,45,1137,855,429,432,52,487,1226,156,136
COL1A1,66989,16358,39743,66533,51931,34649,16163,128554,56215,69242,1859,14085,12943,69340,49005,25229,43428,80186,31151,31294,63530,110437,116962,244761,79481,145632,25948,17471,177018,16357,48104,106445,78504,29747,63554,64416,62173,36593,91439,59904,16004,51525,57390,228139,32850,30337,118712,199926,178679,165453,93217,159096,10154,37669,164502,14234,88020,37257,73394,140386,38165,111151,139435,253792,83671,61688,22877,47845,398040,171268,50332,95014,149852,71967,107544,13299,26385,150538,46816,190294,90522,351869,25054,33259,46979,42735,81834,16702,219171,98062,22838,176699,106147,97855,189598,69728,431243,18627,317558,38793,311767,111912,96907
CD163,441,7111,1633,4152,493,1419,58,2809,437,955,23,348,2692,3366,1345,427,814,1906,696,2679,879,582,161,1260,532,351,515,583,761,143,979,1827,467,1520,616,390,220,2531,2387,350,909,671,390,1342,679,217,981,347,2288,1912,1217,14775,550,1509,564,1317,272,684,282,1037,97,1251,756,677,226,5425,2987,2936,2034,811,1481,1942,62,1257,857,77,2639,536,1742,1464,988,3672,5381,934,249,72,140,229,1496,2330,3180,1082,1002,224,2700,1316,1692,4841,200,109,2378,87,210
CSF1R,863,6210,2587,4967,637,1564,441,2395,552,1688,85,708,1645,3311,965,770,1521,2539,611,3938,1568,1350,621,3259,1338,454,887,1305,443,122,968,1590,679,2567,706,454,405,1898,3786,1332,1170,1773,454,2260,682,910,1925,533,2848,2588,1565,17570,782,1289,1992,1093,674,872,451,2075,164,1418,960,1393,1769,3501,2318,2819,2822,1155,1392,2482,345,1719,1433,140,2214,788,3311,2211,1193,4268,4533,1175,2524,212,600,756,1988,2613,2627,2350,568,857,3542,1165,3768,5627,469,149,4762,398,271
FOXP3,187,169,211,261,179,120,196,575,91,297,13,50,68,232,70,296,68,166,61,53,261,282,119,285,251,49,144,88,322,62,217,263,70,408,201,46,137,144,148,401,110,183,105,111,95,101,91,31,623,113,165,362,176,66,287,157,46,250,54,91,313,111,188,61,287,62,199,71,276,46,54,241,55,250,143,30,109,154,419,324,87,774,236,86,421,64,100,128,119,136,294,166,134,241,794,49,346,599,37,62,492,159,66
IL10,15,64,11,106,17,18,1,11,16,21,0,9,17,27,24,14,11,15,19,26,58,14,39,27,3,11,18,12,6,4,14,68,18,27,13,15,5,61,14,14,6,21,9,29,21,16,16,10,93,10,19,46,8,52,9,28,2,8,12,5,7,27,11,8,6,26,67,29,18,16,18,35,1,8,27,1,33,48,43,38,20,89,27,15,31,4,25,11,22,65,61,15,60,35,30,7,10,77,0,10,63,1,2
